Cepa	N_grupo	ANI	Especie
ab1196	1	97%	A.baumannii
ab255	1	97%	A.baumannii
ab2145	1	97%	A.baumannii
ab607	1	97%	A.baumannii
ab331	1	97%	A.baumannii
ac3	1		Other
ab1855	1	97%	A.baumannii
ac293	1	90-85%	ACB
ab193	1	97%	A.baumannii
ab544	1	97%	A.baumannii
ab2432	1	97%	A.baumannii
ab1776	1	97%	A.baumannii
ab850	1	97%	A.baumannii
ab1125	1	97%	A.baumannii
ab518	1	97%	A.baumannii
ab1035	1	97%	A.baumannii
ab650	1	97%	A.baumannii
ab140	1	97%	A.baumannii
ab1716	1	97%	A.baumannii
ac358	1	94-90%	ACB
ab686	1	97%	A.baumannii
ac422	1	<80%	Other
ac366	1	90-85%	ACB
ab2214	1	97%	A.baumannii
ab995	1	97%	A.baumannii
ab1935	1	97%	A.baumannii
ab1747	1	97%	A.baumannii
ab1927	1	97%	A.baumannii
ab486	1	97%	A.baumannii
ab1804	1	97%	A.baumannii
ac471	1	<80%	Other
ab2299	1	97%	A.baumannii
ab153	1	97%	A.baumannii
ac472	1	85-80%	Other
ab2361	1	97%	A.baumannii
ab262	1	97%	A.baumannii
ab2062	1	97%	A.baumannii
ac479	1	90-85%	ACB
ab948	1	97%	A.baumannii
ab1135	1	97%	A.baumannii
ab442	1	97%	A.baumannii
ab1726	1	97%	A.baumannii
ab1301	1	97%	A.baumannii
ac417	1	94-90%	ACB
ab116	1	97%	A.baumannii
ac214	1	90-85%	ACB
ab158	1	97%	A.baumannii
ab1933	1	97%	A.baumannii
ab1885	1	97%	A.baumannii
ab1762	1	97%	A.baumannii
ab1873	1	97%	A.baumannii
ac21	1	90-85%	ACB
ab1088	1	97%	A.baumannii
ab2293	1	97%	A.baumannii
ab1635	1	97%	A.baumannii
ac324	1	90-85%	ACB
ab2337	1	97%	A.baumannii
ab319	1	97%	A.baumannii
ab1775	1	97%	A.baumannii
ab1004	1	97%	A.baumannii
ab1967	1	97%	A.baumannii
ab1521	1	97%	A.baumannii
ab1795	1	97%	A.baumannii
ac191	5	94-90%	Other
ab981	1	97%	A.baumannii
ab1374	1	97%	A.baumannii
ab1793	1	97%	A.baumannii
ab642	1	97%	A.baumannii
ab2127	1	97%	A.baumannii
ab1019	1	97%	A.baumannii
ab242	1	97%	A.baumannii
ac316	1	90-85%	ACB
ab376	1	97%	A.baumannii
ab666	1	97%	A.baumannii
ab1957	1	97%	A.baumannii
ab2438	1	97%	A.baumannii
ab300	1	97%	A.baumannii
ac111	1	90-85%	ACB
ab992	1	97%	A.baumannii
ab126	1	97%	A.baumannii
ab590	1	97%	A.baumannii
ab2039	1	97%	A.baumannii
ab1251	1	97%	A.baumannii
ab1779	1	97%	A.baumannii
ab1559	1	97%	A.baumannii
ab1940	1	97%	A.baumannii
ab2442	1	97%	A.baumannii
ab1755	1	97%	A.baumannii
ab1892	1	97%	A.baumannii
ab1960	1	97%	A.baumannii
ab64	1	97%	A.baumannii
ab360	1	97%	A.baumannii
ac487	1	97%	ACB
ab2181	1	97%	A.baumannii
ab2341	1	97%	A.baumannii
ab769	1	97%	A.baumannii
ac299	1	<80%	Other
ab1840	1	97%	A.baumannii
ac181	1	90-85%	ACB
ab1059	1	97%	A.baumannii
ac140	5	<80%	Other
ac483	1	94-90%	ACB
ab978	1	97%	A.baumannii
ab1632	1	97%	A.baumannii
ac134	1	<80%	Other
ab1535	1	97%	A.baumannii
ac55	1	90-85%	ACB
ab1727	1	97%	A.baumannii
ab1590	1	97%	A.baumannii
ab1717	1	98%	A.baumannii
ab1639	1	97%	A.baumannii
ab1005	1	97%	A.baumannii
ab32	1	97%	A.baumannii
ab454	1	97%	A.baumannii
ab106	1	97%	A.baumannii
ab2190	1	97%	A.baumannii
ac14	1		Other
ab127	1	97%	A.baumannii
ab611	1	97%	A.baumannii
ab1045	1	97%	A.baumannii
ab869	1	97%	A.baumannii
ac129	1	94-90%	ACB
ab121	1	97%	A.baumannii
ab736	1	97%	A.baumannii
ab1865	1	97%	A.baumannii
ab1058	1	97%	A.baumannii
ab2084	1	97%	A.baumannii
ab1922	1	97%	A.baumannii
ab1528	1	97%	A.baumannii
ab772	1	97%	A.baumannii
ab1192	1	97%	A.baumannii
ab1805	1	97%	A.baumannii
ab1988	1	97%	A.baumannii
ab1073	1	97%	A.baumannii
ab1888	1	97%	A.baumannii
ab1491	1	97%	A.baumannii
ab2150	1	97%	A.baumannii
ab2014	1	97%	A.baumannii
ab308	1	97%	A.baumannii
ab12	1	97%	A.baumannii
ab484	1	97%	A.baumannii
ab279	1	97%	A.baumannii
ac303	1	94-90%	ACB
ab1381	1	97%	A.baumannii
ab1478	1	97%	A.baumannii
ac238	1	<80%	Other
ab632	1	97%	A.baumannii
ab683	1	97%	A.baumannii
ab1961	1	97%	A.baumannii
ab1180	1	97%	A.baumannii
ac6	1	90-85%	Other
ab1452	1	97%	A.baumannii
ab2290	1	97%	A.baumannii
ab221	1	97%	A.baumannii
ab1923	1	97%	A.baumannii
ab1777	1	97%	A.baumannii
ab2462	1	97%	A.baumannii
ab1278	1	97%	A.baumannii
ac102	5	85-80%	Other
ab870	1	97%	A.baumannii
ab724	1	97%	A.baumannii
ac254	1	90-85%	ACB
ac440	1	94-90%	ACB
ab1309	1	97%	A.baumannii
ab21	1	97%	A.baumannii
ab1732	1	97%	A.baumannii
ac328	1	90-85%	ACB
ab237	1	97%	A.baumannii
ab1736	1	97%	A.baumannii
ac420	1	94-90%	ACB
ac467	1	94-90%	Other
ab2225	1	97%	A.baumannii
ab820	1	97%	A.baumannii
ab414	1	97%	A.baumannii
ab949	1	97%	A.baumannii
ab330	1	97%	A.baumannii
ab1460	1	97%	A.baumannii
ab615	1	97%	A.baumannii
ab707	1	97%	A.baumannii
ab416	1	97%	A.baumannii
ab2360	1	97%	A.baumannii
ab1698	1	97%	A.baumannii
ab963	1	97%	A.baumannii
ac343	1	90-85%	ACB
ac426	1	<80%	Other
ab2139	1	97%	A.baumannii
ab268	1	97%	A.baumannii
ac309	1	<80%	Other
ab435	1	97%	A.baumannii
ab1564	1	97%	A.baumannii
ab2228	1	97%	A.baumannii
ab1950	1	97%	A.baumannii
ab424	1	97%	A.baumannii
ab2185	1	97%	A.baumannii
ac223	1	94-90%	ACB
ab1038	1	97%	A.baumannii
ab2372	1	97%	A.baumannii
ac237	1	90-85%	ACB
ab1552	1	97%	A.baumannii
ab1062	1	97%	A.baumannii
ab2029	1	97%	A.baumannii
ab1107	1	97%	A.baumannii
ab1240	1	97%	A.baumannii
ab1931	1	97%	A.baumannii
ab202	1	97%	A.baumannii
ab1986	1	97%	A.baumannii
ab1482	1	97%	A.baumannii
ab613	1	97%	A.baumannii
ab1615	1	97%	A.baumannii
ab807	1	97%	A.baumannii
ac106	1	<80%	Other
ab1112	1	97%	A.baumannii
ab546	1	97%	A.baumannii
ab1919	1	97%	A.baumannii
ac265	1	90-85%	ACB
ab1268	1	97%	A.baumannii
ac32	5	<80%	Other
ac317	1	90-85%	ACB
ac473	1	<80%	Other
ac331	1	90-85%	ACB
ab2366	1	97%	A.baumannii
ab2388	1	97%	A.baumannii
ab826	1	97%	A.baumannii
ab2297	1	97%	A.baumannii
ab2386	1	97%	A.baumannii
ab964	1	97%	A.baumannii
ab267	1	97%	A.baumannii
ab1725	1	97%	A.baumannii
ab1377	1	97%	A.baumannii
ab922	1	97%	A.baumannii
ab224	1	97%	A.baumannii
ab1269	1	97%	A.baumannii
ab1806	1	97%	A.baumannii
ab2054	1	97%	A.baumannii
ab1037	1	97%	A.baumannii
ab2249	1	97%	A.baumannii
ab1281	1	97%	A.baumannii
ab1028	1	97%	A.baumannii
ab61	1	97%	A.baumannii
ac462	1	90-85%	ACB
ac85	1	<80%	Other
ab365	1	97%	A.baumannii
ac72	1	<80%	Other
ab1622	1	97%	A.baumannii
ac411	1	<80%	Other
ac243	1	85-80%	Other
ab776	1	97%	A.baumannii
ab250	1	97%	A.baumannii
ab347	1	97%	A.baumannii
ab506	1	97%	A.baumannii
ab234	1	97%	A.baumannii
ac263	1	90-85%	ACB
ab324	1	97%	A.baumannii
ab1810	1	97%	A.baumannii
ab739	1	97%	A.baumannii
ab2259	1	97%	A.baumannii
ab2081	1	97%	A.baumannii
ac31	1	90-85%	Other
ab653	1	97%	A.baumannii
ab1637	1	97%	A.baumannii
ac12	1	<80%	Other
ac177	1	94-90%	ACB
ab2449	1	97%	A.baumannii
ab1229	1	97%	A.baumannii
ac33	1	90-85%	ACB
ac447	1	94-90%	ACB
ab596	1	97%	A.baumannii
ab723	1	97%	A.baumannii
ac240	1	<80%	Other
ab753	1	97%	A.baumannii
ab1683	1	97%	A.baumannii
ab911	1	97%	A.baumannii
ab485	1	97%	A.baumannii
ab1904	1	97%	A.baumannii
ab28	1	97%	A.baumannii
ab1738	1	97%	A.baumannii
ab1404	1	97%	A.baumannii
ab227	1	97%	A.baumannii
ab854	1	97%	A.baumannii
ab1372	1	97%	A.baumannii
ab1243	1	97%	A.baumannii
ab2252	1	97%	A.baumannii
ab533	1	97%	A.baumannii
ac93	1	<80%	Other
ab729	1	97%	A.baumannii
ab801	1	97%	A.baumannii
ab1475	1	97%	A.baumannii
ac150	1	94-90%	ACB
ab476	1	97%	A.baumannii
ab222	1	97%	A.baumannii
ab2021	1	97%	A.baumannii
ac385	1	<80%	Other
ab979	1	97%	A.baumannii
ab756	1	97%	A.baumannii
ab1529	1	97%	A.baumannii
ab696	1	97%	A.baumannii
ab1457	1	97%	A.baumannii
ac407	1	85-80%	Other
ab1324	1	97%	A.baumannii
ac27	1	90-85%	ACB
ab471	1	97%	A.baumannii
ab1386	1	97%	A.baumannii
ab991	1	97%	A.baumannii
ab174	1	97%	A.baumannii
ab240	1	97%	A.baumannii
ac352	1	90-85%	ACB
ab461	1	97%	A.baumannii
ac71	1	94-90%	ACB
ab1097	1	97%	A.baumannii
ab661	1	97%	A.baumannii
ac172	1	90-85%	ACB
ab2156	1	97%	A.baumannii
ab2316	1	97%	A.baumannii
ab1433	1	97%	A.baumannii
ac184	1	<80%	Other
ac187	1	<80%	Other
ab1072	1	97%	A.baumannii
ab141	1	97%	A.baumannii
ab1668	1	97%	A.baumannii
ab470	1	97%	A.baumannii
ab2424	1	97%	A.baumannii
ab160	1	97%	A.baumannii
ac63	1	85-80%	Other
ab1997	1	97%	A.baumannii
ab1764	1	97%	A.baumannii
ab186	1	97%	A.baumannii
ab94	1	97%	A.baumannii
ab2327	1	97%	A.baumannii
ab1244	1	97%	A.baumannii
ac339	1	90-85%	ACB
ab2314	1	97%	A.baumannii
ab1193	1	97%	A.baumannii
ab78	1	97%	A.baumannii
ab1159	1	97%	A.baumannii
ab1430	1	97%	A.baumannii
ab1387	1	97%	A.baumannii
ab1585	1	100-99%	A.baumannii
ab1448	1	97%	A.baumannii
ab136	1	97%	A.baumannii
ab216	1	97%	A.baumannii
ab879	1	97%	A.baumannii
ac388	1	<80%	Other
ac176	1	94-90%	ACB
ab886	1	97%	A.baumannii
ab987	1	97%	A.baumannii
ab43	1	97%	A.baumannii
ab1177	1	97%	A.baumannii
ab123	1	97%	A.baumannii
ab1599	1	97%	A.baumannii
ab1841	1	97%	A.baumannii
ab1025	1	97%	A.baumannii
ab429	5-15	97%	A.baumannii
ab558	1	97%	A.baumannii
ab340	1	97%	A.baumannii
ab1085	1	97%	A.baumannii
ab354	1	97%	A.baumannii
ac438	1	94-90%	ACB
ab818	1	97%	A.baumannii
ab233	1	97%	A.baumannii
ac450	1	<80%	Other
ab821	1	97%	A.baumannii
ab1149	1	97%	A.baumannii
ab958	1	97%	A.baumannii
ab2292	1	97%	A.baumannii
ab794	1	97%	A.baumannii
ab1359	1	97%	A.baumannii
ab209	1	97%	A.baumannii
ab855	1	97%	A.baumannii
ab511	1	97%	A.baumannii
ab1405	1	97%	A.baumannii
ab1385	1	97%	A.baumannii
ac5	1		Other
ab712	1	97%	A.baumannii
ab467	1	97%	A.baumannii
ab218	1	97%	A.baumannii
ab1624	1	97%	A.baumannii
ab105	1	97%	A.baumannii
ab38	1	97%	A.baumannii
ac327	1	90-85%	ACB
ac418	1	94-90%	ACB
ab372	1	97%	A.baumannii
ab1042	1	97%	A.baumannii
ab211	1	97%	A.baumannii
ab356	1	97%	A.baumannii
ac57	1	<80%	Other
ab710	1	97%	A.baumannii
ab1185	1	97%	A.baumannii
ac16	1	<80%	Other
ac304	1	94-90%	ACB
ab500	1	97%	A.baumannii
ab1677	1	97%	A.baumannii
ab726	1	94-90%	A.baumannii
ab323	1	97%	A.baumannii
ab1391	1	97%	A.baumannii
ab725	1	97%	A.baumannii
ab1821	1	97%	A.baumannii
ab2163	1	97%	A.baumannii
ab1134	1	97%	A.baumannii
ac44	1	<80%	Other
ab945	1	97%	A.baumannii
ab10	1	97%	A.baumannii
ab685	1	97%	A.baumannii
ab309	1	97%	A.baumannii
ac310	1	85-80%	Other
ab1851	1	97%	A.baumannii
ac2	1	<80%	Other
ab2134	1	97%	A.baumannii
ab1447	1	97%	A.baumannii
ab1285	1	97%	A.baumannii
ac436	1	94-90%	ACB
ab823	1	97%	A.baumannii
ab699	1	97%	A.baumannii
ac302	1	94-90%	ACB
ab1984	1	97%	A.baumannii
ab72	1	97%	A.baumannii
ab659	1	97%	A.baumannii
ac398	1	94-90%	ACB
ab1917	1	97%	A.baumannii
ac242	1	85-80%	Other
ac421	1	<80%	Other
ac11	1	<80%	Other
ab22	1	97%	A.baumannii
ab1145	1	97%	A.baumannii
ab236	1	97%	A.baumannii
ab1745	1	97%	A.baumannii
ab742	1	94-90%	A.baumannii
ac66	1	<80%	Other
ab2254	1	97%	A.baumannii
ac40	1	94-90%	ACB
ab401	1	97%	A.baumannii
ab453	1	97%	A.baumannii
ab2011	1	97%	A.baumannii
ab55	1	97%	A.baumannii
ab1330	1	97%	A.baumannii
ab814	1	97%	A.baumannii
ab311	1	97%	A.baumannii
ac48	1	85-80%	Other
ab1023	1	97%	A.baumannii
ab2298	1	97%	A.baumannii
ab246	1	97%	A.baumannii
ab1420	1	97%	A.baumannii
ab1963	1	97%	A.baumannii
ab959	1	97%	A.baumannii
ab1685	1	97%	A.baumannii
ab1371	1	97%	A.baumannii
ac464	1	90-85%	ACB
ab1912	1	97%	A.baumannii
ab1817	1	97%	A.baumannii
ac259	1	90-85%	ACB
ab906	1	97%	A.baumannii
ac201	1	90-85%	ACB
ab599	1	97%	A.baumannii
ab304	1	97%	A.baumannii
ab1918	1	97%	A.baumannii
ab1579	1	97%	A.baumannii
ab432	1	97%	A.baumannii
ab1140	1	97%	A.baumannii
ab2260	1	97%	A.baumannii
ab285	1	97%	A.baumannii
ab1845	1	97%	A.baumannii
ab571	1	97%	A.baumannii
ab649	1	97%	A.baumannii
ab2064	1	97%	A.baumannii
ab1272	1	97%	A.baumannii
ac342	1	90-85%	ACB
ab1906	1	97%	A.baumannii
ab926	1	97%	A.baumannii
ab1054	1	97%	A.baumannii
ab352	1	97%	A.baumannii
ab836	1	97%	A.baumannii
ab1651	1	97%	A.baumannii
ab1544	1	97%	A.baumannii
ab2387	1	97%	A.baumannii
ab1221	1	97%	A.baumannii
ab2206	1	97%	A.baumannii
ab181	1	97%	A.baumannii
ab2436	1	97%	A.baumannii
ab2460	1	97%	A.baumannii
ab1990	1	97%	A.baumannii
ac290	1	94-90%	Other
ac199	1	90-85%	ACB
ac234	1	<80%	Other
ab2124	1	97%	A.baumannii
ab843	1	97%	A.baumannii
ab2429	1	97%	A.baumannii
ab2159	1	97%	A.baumannii
ac334	1	94-90%	ACB
ab167	1	97%	A.baumannii
ab2334	1	97%	A.baumannii
ac269	1	90-85%	ACB
ac478	1	<80%	Other
ab80	1	97%	A.baumannii
ac458	1	<80%	Other
ab292	1	97%	A.baumannii
ab443	1	97%	A.baumannii
ab709	1	97%	A.baumannii
ab1469	1	97%	A.baumannii
ac135	1	90-85%	ACB
ac113	1	<80%	Other
ab1144	1	97%	A.baumannii
ab386	1	97%	A.baumannii
ab2385	1	97%	A.baumannii
ab2377	1	97%	A.baumannii
ab30	1	97%	A.baumannii
ab936	1	97%	A.baumannii
ab2217	1	97%	A.baumannii
ab2286	1	97%	A.baumannii
ab384	1	97%	A.baumannii
ab48	1	97%	A.baumannii
ab1881	1	97%	A.baumannii
ac62	1	90-85%	ACB
ab942	1	97%	A.baumannii
ab806	1	97%	A.baumannii
ab2149	1	97%	A.baumannii
ab634	1	97%	A.baumannii
ab2437	1	97%	A.baumannii
ab1257	1	97%	A.baumannii
ac476	1	<80%	Other
ab1322	1	97%	A.baumannii
ab1526	1	97%	A.baumannii
ab972	1	97%	A.baumannii
ac154	1	<80%	Other
ab2041	1	97%	A.baumannii
ab200	1	97%	A.baumannii
ab1325	1	97%	A.baumannii
ac333	1	90-85%	ACB
ab1011	1	97%	A.baumannii
ab4	1	97%	A.baumannii
ab440	1	97%	A.baumannii
ab1276	1	97%	A.baumannii
ab2005	1	97%	A.baumannii
ab961	1	97%	A.baumannii
ab400	1	97%	A.baumannii
ab266	1	97%	A.baumannii
ab619	1	97%	A.baumannii
ac51	1	94-90%	ACB
ab1013	1	97%	A.baumannii
ab2384	1	97%	A.baumannii
ab2218	1	97%	A.baumannii
ab1468	1	97%	A.baumannii
ab1676	1	97%	A.baumannii
ac429	1	94-90%	ACB
ab2338	1	97%	A.baumannii
ab932	1	97%	A.baumannii
ab1609	1	97%	A.baumannii
ab2242	1	97%	A.baumannii
ac329	1	90-85%	ACB
ab88	1	97%	A.baumannii
ab2339	1	97%	A.baumannii
ab426	1	97%	A.baumannii
ab1813	1	97%	A.baumannii
ab1643	1	97%	A.baumannii
ab1409	1	97%	A.baumannii
ab1753	1	97%	A.baumannii
ab2275	1	97%	A.baumannii
ab1964	1	97%	A.baumannii
ab1495	1	97%	A.baumannii
ab1181	1	97%	A.baumannii
ab2157	1	97%	A.baumannii
ab2232	1	97%	A.baumannii
ab985	1	97%	A.baumannii
ab2215	1	97%	A.baumannii
ab2296	1	97%	A.baumannii
ab767	1	97%	A.baumannii
ab1650	1	97%	A.baumannii
ab1376	1	97%	A.baumannii
ac455	1	<80%	Other
ac373	1	<80%	Other
ab2393	1	97%	A.baumannii
ab1334	1	97%	A.baumannii
ab1355	1	97%	A.baumannii
ab735	1	97%	A.baumannii
ab1693	1	97%	A.baumannii
ab589	1	97%	A.baumannii
ab1994	1	97%	A.baumannii
ab2048	1	97%	A.baumannii
ab463	1	97%	A.baumannii
ac272	1	90-85%	ACB
ac112	1	90-85%	ACB
ab2253	1	97%	A.baumannii
ac320	1	90-85%	Other
ac73	1	<80%	Other
ac216	1	90-85%	ACB
ab525	1	97%	A.baumannii
ab2373	1	97%	A.baumannii
ab29	1	97%	A.baumannii
ab501	1	97%	A.baumannii
ab1849	1	97%	A.baumannii
ab1239	1	97%	A.baumannii
ab2268	1	97%	A.baumannii
ab439	1	97%	A.baumannii
ab2052	1	97%	A.baumannii
ab1774	1	97%	A.baumannii
ab1305	1	100-99%	A.baumannii
ab433	1	97%	A.baumannii
ab584	1	97%	A.baumannii
ab812	1	97%	A.baumannii
ab1543	1	97%	A.baumannii
ab605	1	97%	A.baumannii
ab1628	1	97%	A.baumannii
ab1364	1	97%	A.baumannii
ab16	1	97%	A.baumannii
ab2161	1	97%	A.baumannii
ab1859	1	97%	A.baumannii
ab1150	1	97%	A.baumannii
ac465	1	90-85%	ACB
ab1036	1	97%	A.baumannii
ab1423	1	97%	A.baumannii
ab1098	1	97%	A.baumannii
ab297	1	97%	A.baumannii
ab567	1	97%	A.baumannii
ab663	1	97%	A.baumannii
ab1173	1	97%	A.baumannii
ab1724	1	97%	A.baumannii
ab2465	1	97%	A.baumannii
ab103	1	97%	A.baumannii
ab2194	1	97%	A.baumannii
ab1720	1	97%	A.baumannii
ab1314	1	97%	A.baumannii
ab1691	1	97%	A.baumannii
ab1914	1	97%	A.baumannii
ab568	1	97%	A.baumannii
ab1595	1	97%	A.baumannii
ab1660	1	97%	A.baumannii
ab1819	>1000	97%	A.baumannii
ab1688	1	97%	A.baumannii
ab2344	1	97%	A.baumannii
ab1247	1	97%	A.baumannii
ab1126	1	97%	A.baumannii
ab797	1	97%	A.baumannii
ab1163	1	97%	A.baumannii
ab1827	1	97%	A.baumannii
ab1201	1	97%	A.baumannii
ab1523	1	97%	A.baumannii
ac356	1	90-85%	ACB
ab1339	1	97%	A.baumannii
ab2086	1	97%	A.baumannii
ab1280	1	97%	A.baumannii
ab2398	1	97%	A.baumannii
ab2236	1	97%	A.baumannii
ab1620	1	97%	A.baumannii
ab394	1	97%	A.baumannii
ab588	1	97%	A.baumannii
ab1500	1	97%	A.baumannii
ab1520	1	97%	A.baumannii
ab465	1	97%	A.baumannii
ac251	1	90-85%	ACB
ab2044	1	97%	A.baumannii
ac255	1	90-85%	ACB
ab355	1	97%	A.baumannii
ab2173	1	97%	A.baumannii
ab534	1	97%	A.baumannii
ab1116	1	97%	A.baumannii
ab1130	1	97%	A.baumannii
ab1316	1	97%	A.baumannii
ab673	1	97%	A.baumannii
ab1395	1	97%	A.baumannii
ab1226	1	97%	A.baumannii
ab2120	1	97%	A.baumannii
ac359	1	90-85%	ACB
ab1837	1	97%	A.baumannii
ab50	1	97%	A.baumannii
ab514	1	97%	A.baumannii
ac100	1	90-85%	ACB
ab1347	1	97%	A.baumannii
ab1973	1	97%	A.baumannii
ab1969	1	97%	A.baumannii
ab2	1	97%	A.baumannii
ac141	1	<80%	Other
ab907	1	97%	A.baumannii
ab1245	1	97%	A.baumannii
ab1968	1	97%	A.baumannii
ab1758	1	97%	A.baumannii
ab2378	1	97%	A.baumannii
ab1307	1	97%	A.baumannii
ab612	1	97%	A.baumannii
ac45	1	94-90%	ACB
ab1941	1	97%	A.baumannii
ab65	1	97%	A.baumannii
ac136	1	<80%	Other
ab745	1	97%	A.baumannii
ab759	1	97%	A.baumannii
ab377	1	97%	A.baumannii
ab129	1	98%	A.baumannii
ab515	1	97%	A.baumannii
ab1092	1	97%	A.baumannii
ac139	1	<80%	Other
ac452	1	94-90%	ACB
ab1894	1	97%	A.baumannii
ab1006	1	97%	A.baumannii
ab536	1	97%	A.baumannii
ab1162	1	97%	A.baumannii
ab2061	1	97%	A.baumannii
ab2369	1	97%	A.baumannii
ab583	1	97%	A.baumannii
ab1366	1	97%	A.baumannii
ac155	1	<80%	Other
ab1770	1	97%	A.baumannii
ab321	1	97%	A.baumannii
ab1198	1	97%	A.baumannii
ab576	1	97%	A.baumannii
ab2133	1	97%	A.baumannii
ac83	1	<80%	Other
ab1120	1	97%	A.baumannii
ab436	1	97%	A.baumannii
ab1361	1	97%	A.baumannii
ab1151	1	97%	A.baumannii
ab314	1	97%	A.baumannii
ab1411	1	97%	A.baumannii
ab1029	1	97%	A.baumannii
ab1160	1	97%	A.baumannii
ac362	1	90-85%	ACB
ab1123	1	97%	A.baumannii
ac178	1	94-90%	ACB
ab1709	1	97%	A.baumannii
ab1530	1	97%	A.baumannii
ab805	1	97%	A.baumannii
ab2068	1	97%	A.baumannii
ab1905	1	97%	A.baumannii
ab609	1	97%	A.baumannii
ab388	1	97%	A.baumannii
ab1308	1	97%	A.baumannii
ab2205	1	97%	A.baumannii
ac261	1	90-85%	ACB
ab1039	1	97%	A.baumannii
ac276	1	90-85%	ACB
ab1492	1	97%	A.baumannii
ab872	1	97%	A.baumannii
ab162	1	97%	A.baumannii
ac153	1	<80%	Other
ab2310	1	97%	A.baumannii
ab940	1	97%	A.baumannii
ab2305	1	97%	A.baumannii
ab1883	1	97%	A.baumannii
ac335	1	90-85%	ACB
ab1704	1	97%	A.baumannii
ab587	1	97%	A.baumannii
ab2003	1	97%	A.baumannii
ac262	1	90-85%	ACB
ab1929	1	97%	A.baumannii
ab1594	1	96%	A.baumannii
ab1785	1	97%	A.baumannii
ab291	1	97%	A.baumannii
ac19	1	<80%	Other
ac253	1	90-85%	ACB
ab2191	1	97%	A.baumannii
ab862	1	97%	A.baumannii
ab882	1	97%	A.baumannii
ab2321	1	97%	A.baumannii
ab1317	1	97%	A.baumannii
ab1338	1	98%	A.baumannii
ab1714	1	97%	A.baumannii
ac348	1	90-85%	ACB
ab789	1	97%	A.baumannii
ac227	1	90-85%	ACB
ac365	1	94-90%	Other
ab283	1	97%	A.baumannii
ab1703	1	97%	A.baumannii
ac211	1	90-85%	ACB
ac207	1	90-85%	ACB
ab901	1	97%	A.baumannii
ab1792	1	97%	A.baumannii
ab2196	1	97%	A.baumannii
ab2160	1	97%	A.baumannii
ab1618	1	97%	A.baumannii
ab1995	1	97%	A.baumannii
ab1401	1	97%	A.baumannii
ab147	1	97%	A.baumannii
ac25	1	<80%	Other
ac104	1	<80%	Other
ab837	1	97%	A.baumannii
ac169	1	94-90%	ACB
ab2294	1	97%	A.baumannii
ab1156	1	97%	A.baumannii
ab1170	1	97%	A.baumannii
ab459	1	97%	A.baumannii
ab2180	1	97%	A.baumannii
ab1834	1	97%	A.baumannii
ab2063	1	97%	A.baumannii
ab763	1	97%	A.baumannii
ac277	1	90-85%	ACB
ab2446	1	97%	A.baumannii
ab714	1	97%	A.baumannii
ac286	1	90-85%	ACB
ab357	1	97%	A.baumannii
ac349	1	90-85%	ACB
ab1274	1	97%	A.baumannii
ab1878	1	97%	A.baumannii
ab1138	1	97%	A.baumannii
ab2201	1	97%	A.baumannii
ab785	1	97%	A.baumannii
ab1801	1	97%	A.baumannii
ab42	1	97%	A.baumannii
ac301	1	94-90%	ACB
ab280	1	97%	A.baumannii
ac228	1	<80%	Other
ab175	1	97%	A.baumannii
ab1184	1	97%	A.baumannii
ab2142	1	97%	A.baumannii
ab1947	1	97%	A.baumannii
ab2192	1	97%	A.baumannii
ab431	1	97%	A.baumannii
ab896	1	97%	A.baumannii
ab409	1	97%	A.baumannii
ab1124	1	97%	A.baumannii
ab824	1	97%	A.baumannii
ab63	1	97%	A.baumannii
ab1303	1	97%	A.baumannii
ab1187	1	97%	A.baumannii
ac389	1	94-90%	ACB
ab1266	1	97%	A.baumannii
ab156	1	97%	A.baumannii
ab1532	1	97%	A.baumannii
ab1302	1	97%	A.baumannii
ab392	1	97%	A.baumannii
ab2392	1	97%	A.baumannii
ab831	1	97%	A.baumannii
ab1235	1	97%	A.baumannii
ab125	1	97%	A.baumannii
ab877	1	97%	A.baumannii
ab2416	1	97%	A.baumannii
ab2226	1	97%	A.baumannii
ac400	1	90-85%	ACB
ab1996	1	97%	A.baumannii
ab1672	1	97%	A.baumannii
ab852	1	97%	A.baumannii
ac383	1	94-90%	ACB
ac350	1	90-85%	ACB
ab332	5	85-80%	A.baumannii
ab1871	1	97%	A.baumannii
ab1467	1	97%	A.baumannii
ac401	1	<80%	Other
ab1147	1	97%	A.baumannii
ab1768	1	97%	A.baumannii
ab295	1	97%	A.baumannii
ab2395	1	97%	A.baumannii
ab11	1	97%	A.baumannii
ab1428	1	97%	A.baumannii
ac364	1	90-85%	ACB
ab1343	1	97%	A.baumannii
ab1232	1	97%	A.baumannii
ab625	1	97%	A.baumannii
ac70	1	94-90%	Other
ab2042	1	97%	A.baumannii
ab82	1	97%	A.baumannii
ab554	1	97%	A.baumannii
ab1379	1	97%	A.baumannii
ab656	1	97%	A.baumannii
ab951	1	97%	A.baumannii
ab496	1	97%	A.baumannii
ab1090	1	97%	A.baumannii
ab2447	1	97%	A.baumannii
ab885	1	97%	A.baumannii
ac274	1	90-85%	ACB
ab2313	1	97%	A.baumannii
ab2046	1	97%	A.baumannii
ab2179	1	97%	A.baumannii
ab406	1	97%	A.baumannii
ac91	1	<80%	Other
ab2083	1	97%	A.baumannii
ab1186	1	97%	A.baumannii
ab1516	1	97%	A.baumannii
ab1673	1	97%	A.baumannii
ab18	1	97%	A.baumannii
ac347	1	90-85%	ACB
ac163	1	<80%	Other
ab513	1	97%	A.baumannii
ab1094	1	97%	A.baumannii
ab519	1	97%	A.baumannii
ac41	1	90-85%	ACB
ab1915	1	97%	A.baumannii
ab45	1	97%	A.baumannii
ab2371	1	97%	A.baumannii
ab2136	1	97%	A.baumannii
ab2233	1	97%	A.baumannii
ab1797	1	97%	A.baumannii
ab2239	1	97%	A.baumannii
ab2353	1	97%	A.baumannii
ab1263	1	97%	A.baumannii
ac481	1	94-90%	ACB
ab2193	1	97%	A.baumannii
ab113	1	97%	A.baumannii
ab2340	1	97%	A.baumannii
ab1254	1	97%	A.baumannii
ab1434	1	97%	A.baumannii
ab2347	1	97%	A.baumannii
ac288	1	90-85%	ACB
ab307	1	97%	A.baumannii
ab1667	1	97%	A.baumannii
ab228	1	97%	A.baumannii
ab2399	1	97%	A.baumannii
ab1168	1	97%	A.baumannii
ab274	1	97%	A.baumannii
ab1803	1	97%	A.baumannii
ab2309	1	97%	A.baumannii
ab1300	1	97%	A.baumannii
ab939	1	97%	A.baumannii
ab2123	1	97%	A.baumannii
ab898	1	97%	A.baumannii
ab199	1	97%	A.baumannii
ac466	1	85-80%	Other
ab1438	1	97%	A.baumannii
ab31	1	97%	A.baumannii
ab1563	1	97%	A.baumannii
ab1427	1	97%	A.baumannii
ac218	1	90-85%	ACB
ab915	1	97%	A.baumannii
ab1178	1	97%	A.baumannii
ac230	5-15	85-80%	Other
ab2028	1	97%	A.baumannii
ab1204	1	97%	A.baumannii
ab2435	1	97%	A.baumannii
ab1091	1	97%	A.baumannii
ac384	1	<80%	Other
ab1451	1	97%	A.baumannii
ab230	1	97%	A.baumannii
ab986	1	97%	A.baumannii
ab1027	1	97%	A.baumannii
ab444	1	97%	A.baumannii
ab413	1	97%	A.baumannii
ab975	1	97%	A.baumannii
ab701	1	97%	A.baumannii
ab860	1	97%	A.baumannii
ac8	1		Other
ac424	1	<80%	Other
ab1099	1	97%	A.baumannii
ac208	1	90-85%	ACB
ab108	1	97%	A.baumannii
ab2250	1	97%	A.baumannii
ab159	1	97%	A.baumannii
ab1444	1	97%	A.baumannii
ab276	1	97%	A.baumannii
ac437	1	<80%	Other
ab481	1	97%	A.baumannii
ab863	1	97%	A.baumannii
ab37	1	97%	A.baumannii
ab639	1	97%	A.baumannii
ab120	1	97%	A.baumannii
ab2452	1	97%	A.baumannii
ab1686	1	97%	A.baumannii
ab2415	1	97%	A.baumannii
ab2076	1	97%	A.baumannii
ab902	1	97%	A.baumannii
ac307	5	<80%	Other
ab1644	1	97%	A.baumannii
ab393	1	97%	A.baumannii
ab1161	1	97%	A.baumannii
ab477	1	97%	A.baumannii
ab1909	1	97%	A.baumannii
ab1808	1	97%	A.baumannii
ab698	1	97%	A.baumannii
ab1143	1	97%	A.baumannii
ab2073	1	97%	A.baumannii
ac77	1	<80%	Other
ab1508	1	97%	A.baumannii
ab1142	1	97%	A.baumannii
ab2015	1	97%	A.baumannii
ab1978	1	97%	A.baumannii
ab407	1	97%	A.baumannii
ab1101	1	97%	A.baumannii
ab1998	1	97%	A.baumannii
ab645	1	97%	A.baumannii
ab628	1	97%	A.baumannii
ac87	1	85-80%	Other
ab1253	1	94-90%	A.baumannii
ab1422	1	97%	A.baumannii
ab188	1	97%	A.baumannii
ab1861	1	97%	A.baumannii
ab1435	1	97%	A.baumannii
ab2458	1	97%	A.baumannii
ab1533	1	97%	A.baumannii
ab2391	1	97%	A.baumannii
ab1542	1	97%	A.baumannii
ab119	1	97%	A.baumannii
ab282	1	97%	A.baumannii
ac456	1	94-90%	ACB
ab867	1	97%	A.baumannii
ab552	1	97%	A.baumannii
ac185	1	90-85%	ACB
ab92	1	97%	A.baumannii
ac17	1	<80%	Other
ab2409	1	97%	A.baumannii
ab428	1	97%	A.baumannii
ab1483	1	97%	A.baumannii
ab1560	1	97%	A.baumannii
ab1706	1	97%	A.baumannii
ab1578	1	97%	A.baumannii
ab968	1	97%	A.baumannii
ab817	1	97%	A.baumannii
ab2001	1	97%	A.baumannii
ab464	1	97%	A.baumannii
ab1823	1	97%	A.baumannii
ab2022	1	97%	A.baumannii
ab2075	1	97%	A.baumannii
ab2323	1	97%	A.baumannii
ab2106	1	97%	A.baumannii
ab1155	1	97%	A.baumannii
ab112	1	97%	A.baumannii
ab380	1	97%	A.baumannii
ab196	1	97%	A.baumannii
ab1807	1	97%	A.baumannii
ab1489	1	97%	A.baumannii
ab1299	1	97%	A.baumannii
ab315	1	97%	A.baumannii
ab2199	1	97%	A.baumannii
ab146	1	97%	A.baumannii
ab1891	1	97%	A.baumannii
ab2266	1	97%	A.baumannii
ab1790	1	97%	A.baumannii
ab1408	1	97%	A.baumannii
ac97	1	90-85%	ACB
ab1358	1	97%	A.baumannii
ab1847	1	97%	A.baumannii
ab2024	1	97%	A.baumannii
ab135	1	97%	A.baumannii
ab1679	1	97%	A.baumannii
ab1344	1	97%	A.baumannii
ab1809	1	100-99%	A.baumannii
ab791	1	97%	A.baumannii
ab2404	1	97%	A.baumannii
ab757	1	97%	A.baumannii
ab210	1	97%	A.baumannii
ac249	1	94-90%	ACB
ab652	1	97%	A.baumannii
ab977	1	97%	A.baumannii
ab1248	1	97%	A.baumannii
ac380	1	94-90%	ACB
ab2333	1	97%	A.baumannii
ab1748	1	97%	A.baumannii
ab495	1	97%	A.baumannii
ab875	1	97%	A.baumannii
ab2335	1	97%	A.baumannii
ab876	1	97%	A.baumannii
ab1018	1	97%	A.baumannii
ab303	1	97%	A.baumannii
ab2065	1	97%	A.baumannii
ab2089	1	97%	A.baumannii
ac219	1	90-85%	ACB
ab727	1	97%	A.baumannii
ac65	1	90-85%	ACB
ab931	1	97%	A.baumannii
ab1398	1	97%	A.baumannii
ab2067	1	97%	A.baumannii
ab139	1	97%	A.baumannii
ac239	1	90-85%	ACB
ac126	1	90-85%	Other
ab239	1	97%	A.baumannii
ab1350	1	97%	A.baumannii
ab2258	1	97%	A.baumannii
ab988	1	97%	A.baumannii
ab1286	1	97%	A.baumannii
ab861	1	97%	A.baumannii
ab312	1	97%	A.baumannii
ab2066	1	97%	A.baumannii
ab364	1	97%	A.baumannii
ab718	1	97%	A.baumannii
ab1715	1	97%	A.baumannii
ab161	1	97%	A.baumannii
ab731	1	97%	A.baumannii
ab2365	1	97%	A.baumannii
ac273	1	90-85%	ACB
ab1273	1	97%	A.baumannii
ab842	1	97%	A.baumannii
ac103	1	85-80%	Other
ac179	1	90-85%	ACB
ab172	1	97%	A.baumannii
ab2071	1	97%	A.baumannii
ab648	1	97%	A.baumannii
ab1506	1	97%	A.baumannii
ac279	1	90-85%	ACB
ab618	1	97%	A.baumannii
ab1662	1	97%	A.baumannii
ab1517	1	97%	A.baumannii
ab1212	1	97%	A.baumannii
ab2328	1	96%	A.baumannii
ab952	1	97%	A.baumannii
ab15	1	97%	A.baumannii
ac285	1	90-85%	ACB
ac60	1	<80%	Other
ac95	1	<80%	Other
ab1375	1	97%	A.baumannii
ab1591	1	97%	A.baumannii
ab1070	1	97%	A.baumannii
ab1818	1	97%	A.baumannii
ab1942	1	97%	A.baumannii
ab2114	1	97%	A.baumannii
ab1966	1	97%	A.baumannii
ab1862	1	97%	A.baumannii
ab1951	1	97%	A.baumannii
ab1200	1	97%	A.baumannii
ab349	1	97%	A.baumannii
ab614	1	97%	A.baumannii
ab1723	1	97%	A.baumannii
ab2295	1	97%	A.baumannii
ab83	1	97%	A.baumannii
ab800	1	97%	A.baumannii
ab1231	1	97%	A.baumannii
ab677	1	97%	A.baumannii
ab2079	1	97%	A.baumannii
ab1642	1	97%	A.baumannii
ab2171	1	97%	A.baumannii
ab788	1	97%	A.baumannii
ab1069	1	97%	A.baumannii
ac107	5	<80%	Other
ab574	1	97%	A.baumannii
ab631	1	97%	A.baumannii
ab749	1	97%	A.baumannii
ab2147	1	97%	A.baumannii
ac38	1	90-85%	ACB
ab1621	1	97%	A.baumannii
ab1816	1	97%	A.baumannii
ab20	1	97%	A.baumannii
ab2331	1	97%	A.baumannii
ab2056	1	97%	A.baumannii
ab2033	1	97%	A.baumannii
ab270	1	97%	A.baumannii
ab1719	1	97%	A.baumannii
ab616	1	97%	A.baumannii
ab1553	5	97%	A.baumannii
ac52	1	<80%	Other
ab96	1	97%	A.baumannii
ab293	1	97%	A.baumannii
ab1003	1	97%	A.baumannii
ac391	1	<80%	Other
ab670	1	97%	A.baumannii
ab1557	1	97%	A.baumannii
ab67	1	97%	A.baumannii
ac305	1	94-90%	ACB
ab825	1	97%	A.baumannii
ab1084	1	97%	A.baumannii
ab1249	1	97%	A.baumannii
ab1713	1	97%	A.baumannii
ab212	1	97%	A.baumannii
ab1190	1	97%	A.baumannii
ab610	1	97%	A.baumannii
ab542	1	97%	A.baumannii
ab1607	1	97%	A.baumannii
ac485	1	90-85%	ACB
ab84	1	97%	A.baumannii
ac363	1	90-85%	ACB
ac283	1	90-85%	ACB
ab1139	1	97%	A.baumannii
ac257	1	90-85%	ACB
ab1570	1	97%	A.baumannii
ab539	1	97%	A.baumannii
ab1086	1	97%	A.baumannii
ac174	5	<80%	Other
ab2251	1	97%	A.baumannii
ab1164	1	97%	A.baumannii
ab2443	1	97%	A.baumannii
ab591	1	97%	A.baumannii
ab1664	1	97%	A.baumannii
ab620	1	97%	A.baumannii
ab1661	1	97%	A.baumannii
ab1928	1	97%	A.baumannii
ab86	1	97%	A.baumannii
ab483	1	97%	A.baumannii
ab2082	1	97%	A.baumannii
ac131	1	<80%	Other
ac428	1	94-90%	ACB
ab1901	1	97%	A.baumannii
ac461	1	90-85%	ACB
ab1857	1	97%	A.baumannii
ab508	1	97%	A.baumannii
ab466	1	97%	A.baumannii
ab2152	1	97%	A.baumannii
ab1899	1	97%	A.baumannii
ab555	1	97%	A.baumannii
ab6	1	97%	A.baumannii
ab1109	1	97%	A.baumannii
ab2247	1	97%	A.baumannii
ab1465	1	97%	A.baumannii
ab1551	1	97%	A.baumannii
ab556	1	97%	A.baumannii
ab1055	1	97%	A.baumannii
ab1877	1	97%	A.baumannii
ac415	1	94-90%	ACB
ab2078	1	97%	A.baumannii
ab339	1	97%	A.baumannii
ab1605	1	97%	A.baumannii
ab1654	1	97%	A.baumannii
ab678	1	97%	A.baumannii
ab579	1	97%	A.baumannii
ab2026	1	97%	A.baumannii
ab286	1	97%	A.baumannii
ab410	1	97%	A.baumannii
ab1378	1	97%	A.baumannii
ab1047	1	97%	A.baumannii
ab633	1	97%	A.baumannii
ab313	1	97%	A.baumannii
ab1053	1	97%	A.baumannii
ab1449	1	97%	A.baumannii
ab1445	1	97%	A.baumannii
ab715	1	94-90%	A.baumannii
ab2383	1	97%	A.baumannii
ab1875	1	97%	A.baumannii
ab201	1	97%	A.baumannii
ab1370	1	97%	A.baumannii
ac36	1	<80%	Other
ab1959	1	97%	A.baumannii
ac203	1	90-85%	ACB
ab1573	1	97%	A.baumannii
ab1292	1	97%	A.baumannii
ab750	1	97%	A.baumannii
ac368	1	90-85%	ACB
ab1913	1	97%	A.baumannii
ab1751	1	97%	A.baumannii
ab97	1	97%	A.baumannii
ab1157	1	97%	A.baumannii
ab734	1	94-90%	A.baumannii
ac34	1	<80%	Other
ab909	1	97%	A.baumannii
ac162	1	94-90%	ACB
ab1514	1	97%	A.baumannii
ab1572	1	97%	A.baumannii
ac321	1	94-90%	ACB
ab848	1	97%	A.baumannii
ab962	1	97%	A.baumannii
ab2059	1	97%	A.baumannii
ab2182	1	97%	A.baumannii
ab839	1	97%	A.baumannii
ab983	1	97%	A.baumannii
ab1695	1	97%	A.baumannii
ab2243	1	97%	A.baumannii
ab1049	1	97%	A.baumannii
ac138	1	<80%	Other
ab66	1	97%	A.baumannii
ab551	1	97%	A.baumannii
ab1680	1	97%	A.baumannii
ab287	1	97%	A.baumannii
ab1048	1	97%	A.baumannii
ab2220	1	97%	A.baumannii
ab1925	1	97%	A.baumannii
ab937	1	97%	A.baumannii
ab1512	1	97%	A.baumannii
ab2017	1	97%	A.baumannii
ab1710	1	97%	A.baumannii
ab921	1	97%	A.baumannii
ab133	1	97%	A.baumannii
ab998	1	97%	A.baumannii
ab2186	1	97%	A.baumannii
ac120	5-15	85-80%	Other
ab2203	1	97%	A.baumannii
ab2098	1	97%	A.baumannii
ab19	1	97%	A.baumannii
ab1261	1	97%	A.baumannii
ab623	1	97%	A.baumannii
ac323	1	90-85%	ACB
ab1169	1	97%	A.baumannii
ac109	5	<80%	Other
ab1349	1	96%	A.baumannii
ab1502	1	97%	A.baumannii
ab2195	1	97%	A.baumannii
ab130	1	97%	A.baumannii
ab891	1	97%	A.baumannii
ab1346	1	97%	A.baumannii
ab2261	1	97%	A.baumannii
ab446	1	97%	A.baumannii
ab1626	1	97%	A.baumannii
ab104	1	97%	A.baumannii
ab1843	1	97%	A.baumannii
ac469	1	94-90%	Other
ac74	1	<80%	Other
ab264	1	97%	A.baumannii
ab973	1	97%	A.baumannii
ab602	1	97%	A.baumannii
ab1955	1	97%	A.baumannii
ab581	1	97%	A.baumannii
ac432	1	94-90%	ACB
ab492	1	97%	A.baumannii
ab2434	1	97%	A.baumannii
ab1368	1	97%	A.baumannii
ab1712	1	97%	A.baumannii
ab1271	1	97%	A.baumannii
ab840	1	97%	A.baumannii
ac156	1	85-80%	Other
ab706	1	97%	A.baumannii
ab487	1	97%	A.baumannii
ab1437	1	97%	A.baumannii
ac232	1	<80%	Other
ab1440	1	97%	A.baumannii
ab2170	1	97%	A.baumannii
ac75	1	<80%	Other
ac50	1	<80%	Other
ac246	1	90-85%	ACB
ac49	1	<80%	Other
ab190	1	97%	A.baumannii
ab1539	1	97%	A.baumannii
ab1513	1	97%	A.baumannii
ab557	1	97%	A.baumannii
ab1593	1	97%	A.baumannii
ac209	1	90-85%	ACB
ab1282	1	97%	A.baumannii
ab1165	1	97%	A.baumannii
ab2122	1	97%	A.baumannii
ab1944	1	97%	A.baumannii
ab1701	1	97%	A.baumannii
ab2408	1	97%	A.baumannii
ab856	1	97%	A.baumannii
ab780	1	97%	A.baumannii
ab327	1	97%	A.baumannii
ab2464	1	97%	A.baumannii
ac194	1	<80%	Other
ab1296	1	97%	A.baumannii
ac297	1	90-85%	ACB
ab668	1	97%	A.baumannii
ab1291	1	97%	A.baumannii
ab1080	1	97%	A.baumannii
ab434	1	97%	A.baumannii
ab54	1	97%	A.baumannii
ab1948	1	97%	A.baumannii
ac94	1	<80%	Other
ab148	1	97%	A.baumannii
ab2423	1	97%	A.baumannii
ab179	1	98%	A.baumannii
ab1787	1	97%	A.baumannii
ab1167	1	97%	A.baumannii
ab1800	1	97%	A.baumannii
ab2211	1	97%	A.baumannii
ac226	1	90-85%	ACB
ab1739	1	97%	A.baumannii
ac326	1	94-90%	ACB
ab170	1	97%	A.baumannii
ab1319	1	97%	A.baumannii
ab362	1	97%	A.baumannii
ab2370	1	97%	A.baumannii
ab396	1	97%	A.baumannii
ac260	1	90-85%	ACB
ab2035	1	97%	A.baumannii
ab1041	1	97%	A.baumannii
ab779	1	97%	A.baumannii
ac300	1	90-85%	ACB
ab1388	1	97%	A.baumannii
ab180	1	97%	A.baumannii
ab2034	1	97%	A.baumannii
ac205	1	90-85%	ACB
ac390	1	<80%	Other
ac354	1	90-85%	ACB
ab1531	1	97%	A.baumannii
ab1934	1	97%	A.baumannii
ab489	1	97%	A.baumannii
ac266	1	90-85%	ACB
ab1707	1	97%	A.baumannii
ab1141	1	97%	A.baumannii
ab1335	1	97%	A.baumannii
ab1015	1	97%	A.baumannii
ab545	1	97%	A.baumannii
ab2244	1	97%	A.baumannii
ab1424	1	97%	A.baumannii
ab391	1	97%	A.baumannii
ac247	1	<80%	Other
ac381	1	<80%	Other
ab697	1	94-90%	A.baumannii
ab762	1	97%	A.baumannii
ac46	1	90-85%	ACB
ac441	1	<80%	Other
ab592	1	97%	A.baumannii
ab458	1	97%	A.baumannii
ac470	1	94-90%	Other
ab155	1	97%	A.baumannii
ab1171	1	97%	A.baumannii
ac270	1	90-85%	ACB
ab281	1	97%	A.baumannii
ab562	1	97%	A.baumannii
ab887	1	97%	A.baumannii
ab530	1	97%	A.baumannii
ab273	1	97%	A.baumannii
ab2162	1	97%	A.baumannii
ab9	1	97%	A.baumannii
ab1722	1	97%	A.baumannii
ab1311	1	97%	A.baumannii
ab1476	1	97%	A.baumannii
ab503	1	97%	A.baumannii
ac236	1	<80%	Other
ac78	1	85-80%	Other
ab1131	1	97%	A.baumannii
ab913	1	97%	A.baumannii
ab2237	1	97%	A.baumannii
ac318	1	90-85%	ACB
ab1656	1	97%	A.baumannii
ab1839	1	97%	A.baumannii
ab1641	1	97%	A.baumannii
ab1189	1	97%	A.baumannii
ab1233	1	97%	A.baumannii
ab2285	1	97%	A.baumannii
ab1413	1	97%	A.baumannii
ab71	1	97%	A.baumannii
ab259	1	97%	A.baumannii
ab1406	1	97%	A.baumannii
ab163	1	97%	A.baumannii
ab302	1	97%	A.baumannii
ac282	1	90-85%	ACB
ab1788	1	97%	A.baumannii
ab1898	1	97%	A.baumannii
ab2359	1	97%	A.baumannii
ab1183	1	97%	A.baumannii
ab1890	1	97%	A.baumannii
ab2279	1	97%	A.baumannii
ab1689	1	97%	A.baumannii
ab1203	1	97%	A.baumannii
ab635	1	97%	A.baumannii
ab1220	1	97%	A.baumannii
ab517	1	97%	A.baumannii
ab1063	1	97%	A.baumannii
ab516	1	97%	A.baumannii
ab2088	1	97%	A.baumannii
ab2008	1	97%	A.baumannii
ab134	1	97%	A.baumannii
ab1241	1	97%	A.baumannii
ab213	1	97%	A.baumannii
ac267	1	90-85%	ACB
ab1887	1	97%	A.baumannii
ab687	1	97%	A.baumannii
ab1633	1	97%	A.baumannii
ab2051	1	97%	A.baumannii
ab208	1	97%	A.baumannii
ab1629	1	97%	A.baumannii
ac116	5	<80%	Other
ab1259	1	97%	A.baumannii
ab1771	1	97%	A.baumannii
ab1209	1	97%	A.baumannii
ac444	1	<80%	Other
ac369	1	85-80%	Other
ac99	1	85-80%	Other
ab1425	1	97%	A.baumannii
ac101	1	90-85%	ACB
ab790	1	97%	A.baumannii
ab2417	1	97%	A.baumannii
ab2454	1	97%	A.baumannii
ac306	1	94-90%	ACB
ab1874	1	97%	A.baumannii
ac451	1	<80%	Other
ab2324	1	97%	A.baumannii
ab111	1	97%	A.baumannii
ab1696	1	97%	A.baumannii
ab1389	1	97%	A.baumannii
ab1264	1	97%	A.baumannii
ab2307	1	97%	A.baumannii
ab2222	1	97%	A.baumannii
ac119	1	85-80%	Other
ab1869	1	97%	A.baumannii
ab2422	1	97%	A.baumannii
ab2213	1	97%	A.baumannii
ab647	1	97%	A.baumannii
ab2045	1	97%	A.baumannii
ab1021	1	97%	A.baumannii
ab2197	1	97%	A.baumannii
ab59	1	97%	A.baumannii
ab1105	1	97%	A.baumannii
ab2209	1	97%	A.baumannii
ab2032	1	97%	A.baumannii
ac132	1	<80%	Other
ab1466	1	97%	A.baumannii
ac165	1	94-90%	ACB
ab1910	1	97%	A.baumannii
ab838	1	97%	A.baumannii
ab990	1	97%	A.baumannii
ac376	1	94-90%	ACB
ac161	1	90-85%	Other
ac278	1	90-85%	ACB
ab1380	1	97%	A.baumannii
ab1477	1	97%	A.baumannii
ab203	1	97%	A.baumannii
ab17	1	97%	A.baumannii
ac341	1	90-85%	ACB
ac431	1	94-90%	ACB
ab1876	1	97%	A.baumannii
ab1100	1	97%	A.baumannii
ac371	1	<80%	Other
ab2448	1	97%	A.baumannii
ab1002	1	97%	A.baumannii
ab438	1	97%	A.baumannii
ab526	1	97%	A.baumannii
ab417	1	97%	A.baumannii
ab385	1	97%	A.baumannii
ab654	1	97%	A.baumannii
ab2374	1	97%	A.baumannii
ac453	1	<80%	Other
ab2131	1	97%	A.baumannii
ab510	1	97%	A.baumannii
ac325	1	94-90%	ACB
ab1172	1	97%	A.baumannii
ab1930	1	97%	A.baumannii
ab1230	1	97%	A.baumannii
ab1767	1	97%	A.baumannii
ab2248	1	97%	A.baumannii
ac193	1	90-85%	ACB
ab469	1	97%	A.baumannii
ab2018	1	97%	A.baumannii
ab2367	1	97%	A.baumannii
ab1645	1	97%	A.baumannii
ab450	1	97%	A.baumannii
ac271	1	90-85%	ACB
ab14	1	97%	A.baumannii
ab2326	1	97%	A.baumannii
ab890	1	97%	A.baumannii
ab2130	1	97%	A.baumannii
ab412	1	97%	A.baumannii
ab828	1	97%	A.baumannii
ac258	1	90-85%	ACB
ab2184	1	97%	A.baumannii
ab2427	1	97%	A.baumannii
ab1554	1	97%	A.baumannii
ab205	1	97%	A.baumannii
ab504	1	97%	A.baumannii
ac394	1	94-90%	ACB
ab2019	1	97%	A.baumannii
ab2007	1	97%	A.baumannii
ab748	1	97%	A.baumannii
ab675	1	97%	A.baumannii
ab451	1	97%	A.baumannii
ac457	1	<80%	Other
ab1932	1	97%	A.baumannii
ac9	1	<80%	Other
ab1769	1	97%	A.baumannii
ab621	1	97%	A.baumannii
ab318	1	97%	A.baumannii
ac252	1	90-85%	ACB
ab694	1	97%	A.baumannii
ab538	1	97%	A.baumannii
ab1432	1	97%	A.baumannii
ab2121	1	97%	A.baumannii
ac61	1	85-80%	Other
ab2389	1	97%	A.baumannii
ac192	1	<80%	Other
ab1356	1	97%	A.baumannii
ab479	1	97%	A.baumannii
ab1597	1	97%	A.baumannii
ab137	1	97%	A.baumannii
ab1897	1	97%	A.baumannii
ab1297	1	97%	A.baumannii
ab1993	1	97%	A.baumannii
ab2092	1	97%	A.baumannii
ac1	1		Other
ab411	1	97%	A.baumannii
ab322	1	97%	A.baumannii
ab70	1	97%	A.baumannii
ab1336	1	97%	A.baumannii
ab2282	1	97%	A.baumannii
ab1842	1	97%	A.baumannii
ab415	1	97%	A.baumannii
ab1191	1	97%	A.baumannii
ac264	1	90-85%	ACB
ac15	1	<80%	Other
ab184	1	97%	A.baumannii
ac210	1	90-85%	ACB
ac96	1	90-85%	ACB
ab935	1	97%	A.baumannii
ac170	1	94-90%	ACB
ab1794	1	97%	A.baumannii
ac88	1	<80%	Other
ab543	1	97%	A.baumannii
ac115	1	<80%	Other
ac202	1	90-85%	ACB
ab1982	1	97%	A.baumannii
ab1721	1	97%	A.baumannii
ac147	5-15	90-85%	Other
ab1527	1	97%	A.baumannii
ab258	1	97%	A.baumannii
ab1825	1	97%	A.baumannii
ab1780	1	97%	A.baumannii
ab1106	1	97%	A.baumannii
ac330	1	90-85%	ACB
ac53	1	<80%	Other
ab275	1	97%	A.baumannii
ab586	1	97%	A.baumannii
ab1455	1	97%	A.baumannii
ab301	1	90-85%	A.baumannii
ab1659	1	97%	A.baumannii
ac105	1	<80%	Other
ac224	1	90-85%	ACB
ab58	1	97%	A.baumannii
ab2053	1	97%	A.baumannii
ab363	1	97%	A.baumannii
ab1256	1	97%	A.baumannii
ab35	1	97%	A.baumannii
ab256	1	97%	A.baumannii
ab403	1	97%	A.baumannii
ab1148	1	97%	A.baumannii
ab2058	1	97%	A.baumannii
ac268	1	90-85%	ACB
ab716	1	97%	A.baumannii
ab809	1	97%	A.baumannii
ab350	1	97%	A.baumannii
ac404	1	<80%	Other
ab1561	1	97%	A.baumannii
ab100	1	97%	A.baumannii
ab1576	1	97%	A.baumannii
ab692	1	97%	A.baumannii
ab1153	1	97%	A.baumannii
ab288	1	97%	A.baumannii
ab573	1	97%	A.baumannii
ab490	1	97%	A.baumannii
ab2303	1	90-85%	A.baumannii
ab328	1	97%	A.baumannii
ab680	1	97%	A.baumannii
ab320	1	97%	A.baumannii
ab79	1	97%	A.baumannii
ac117	5	<80%	Other
ab334	1	97%	A.baumannii
ab2105	1	97%	A.baumannii
ab1665	1	97%	A.baumannii
ab348	1	97%	A.baumannii
ab23	1	97%	A.baumannii
ab367	1	97%	A.baumannii
ab1217	1	97%	A.baumannii
ab1360	1	97%	A.baumannii
ab2343	1	97%	A.baumannii
ab1600	1	97%	A.baumannii
ab658	1	97%	A.baumannii
ab1613	1	97%	A.baumannii
ac344	1	90-85%	ACB
ab2207	1	97%	A.baumannii
ab2265	1	97%	A.baumannii
ab608	1	97%	A.baumannii
ab1306	1	97%	A.baumannii
ab2281	1	97%	A.baumannii
ac204	1	94-90%	ACB
ab1415	1	97%	A.baumannii
ab2091	1	97%	A.baumannii
ab231	1	97%	A.baumannii
ab598	1	97%	A.baumannii
ab1525	1	97%	A.baumannii
ab1410	1	97%	A.baumannii
ab247	1	97%	A.baumannii
ab1550	1	97%	A.baumannii
ab2164	1	97%	A.baumannii
ab371	1	97%	A.baumannii
ac486	1	<80%	Other
ab1250	1	97%	A.baumannii
ab251	1	97%	A.baumannii
ab383	1	97%	A.baumannii
ab1333	1	97%	A.baumannii
ab950	1	97%	A.baumannii
ab1108	1	97%	A.baumannii
ab522	1	97%	A.baumannii
ab2107	1	97%	A.baumannii
ab1682	1	97%	A.baumannii
ab841	1	97%	A.baumannii
ab1900	1	97%	A.baumannii
ab52	1	97%	A.baumannii
ab1831	1	97%	A.baumannii
ab1402	1	97%	A.baumannii
ac24	1	<80%	Other
ab462	1	97%	A.baumannii
ab2322	1	97%	A.baumannii
ab69	1	97%	A.baumannii
ab967	1	97%	A.baumannii
ab2349	1	97%	A.baumannii
ab369	1	97%	A.baumannii
ab1675	1	97%	A.baumannii
ab1503	1	97%	A.baumannii
ab2072	1	97%	A.baumannii
ab2368	1	97%	A.baumannii
ab2428	1	97%	A.baumannii
ab575	1	97%	A.baumannii
ac311	1	90-85%	ACB
ab169	1	97%	A.baumannii
ac360	1	90-85%	ACB
ac142	1	94-90%	ACB
ab115	1	97%	A.baumannii
ab399	1	97%	A.baumannii
ac221	1	90-85%	ACB
ab761	1	97%	A.baumannii
ab1896	1	97%	A.baumannii
ac413	1	<80%	Other
ac377	1	<80%	Other
ab448	1	97%	A.baumannii
ac256	1	90-85%	ACB
ab760	1	97%	A.baumannii
ab1820	1	97%	A.baumannii
ab1669	1	97%	A.baumannii
ab329	1	97%	A.baumannii
ac296	1	90-85%	ACB
ab630	1	97%	A.baumannii
ac28	5	85-80%	Other
ab1020	1	97%	A.baumannii
ab1562	1	97%	A.baumannii
ab1830	1	97%	A.baumannii
ab2043	1	97%	A.baumannii
ac468	1	<80%	Other
ab1835	1	97%	A.baumannii
ab494	1	97%	A.baumannii
ab2176	1	97%	A.baumannii
ab1342	1	97%	A.baumannii
ab2346	1	97%	A.baumannii
ab946	1	97%	A.baumannii
ab2461	1	97%	A.baumannii
ab679	1	97%	A.baumannii
ab1588	1	100-99%	A.baumannii
ac158	1	<80%	Other
ab1487	1	97%	A.baumannii
ab345	1	97%	A.baumannii
ab1522	1	97%	A.baumannii
ac175	5	<80%	Other
ab1412	1	97%	A.baumannii
ab2440	1	97%	A.baumannii
ab1670	1	97%	A.baumannii
ab229	1	97%	A.baumannii
ab1547	1	97%	A.baumannii
ac225	1	90-85%	ACB
ab1040	1	97%	A.baumannii
ab1920	1	97%	A.baumannii
ab344	1	97%	A.baumannii
ab1210	1	97%	A.baumannii
ab1812	1	97%	A.baumannii
ab1702	1	97%	A.baumannii
ab866	1	97%	A.baumannii
ab498	1	97%	A.baumannii
ab1104	1	97%	A.baumannii
ac449	1	94-90%	ACB
ab1924	1	97%	A.baumannii
ab455	1	97%	A.baumannii
ab908	1	97%	A.baumannii
ab1260	1	97%	A.baumannii
ab482	1	97%	A.baumannii
ac84	1	<80%	Other
ab2414	1	97%	A.baumannii
ab194	1	97%	A.baumannii
ab1295	1	97%	A.baumannii
ab2364	1	97%	A.baumannii
ac108	5	<80%	Other
ab1824	1	97%	A.baumannii
ac157	1	85-80%	Other
ab1534	1	97%	A.baumannii
ac79	1	94-90%	ACB
ab99	1	97%	A.baumannii
ac82	1	85-80%	Other
ab171	1	97%	A.baumannii
ab2125	1	97%	A.baumannii
ab1485	1	97%	A.baumannii
ab1332	1	97%	A.baumannii
ab994	1	97%	A.baumannii
ab90	1	97%	A.baumannii
ac146	1	94-90%	ACB
ac212	1	90-85%	ACB
ab878	1	97%	A.baumannii
ab1786	1	97%	A.baumannii
ab720	1	97%	A.baumannii
ab346	1	97%	A.baumannii
ab1176	1	97%	A.baumannii
ab1867	1	97%	A.baumannii
ab1373	1	97%	A.baumannii
ab688	15-1000	90-85%	A.baumannii
ab864	1	97%	A.baumannii
ac217	1	90-85%	ACB
ab527	1	97%	A.baumannii
ab379	1	97%	A.baumannii
ab353	1	97%	A.baumannii
ab580	1	97%	A.baumannii
ab1446	1	97%	A.baumannii
ac58	1	85-80%	Other
ab954	1	97%	A.baumannii
ab430	1	97%	A.baumannii
ab1979	1	97%	A.baumannii
ab2031	1	97%	A.baumannii
ab1791	1	97%	A.baumannii
ab1083	1	97%	A.baumannii
ab2040	1	97%	A.baumannii
ab272	1	97%	A.baumannii
ab2431	1	97%	A.baumannii
ab2329	1	97%	A.baumannii
ab719	1	97%	A.baumannii
ab1987	1	97%	A.baumannii
ab1255	1	97%	A.baumannii
ab595	1	97%	A.baumannii
ab868	1	97%	A.baumannii
ab57	1	97%	A.baumannii
ab2345	1	97%	A.baumannii
ab265	1	97%	A.baumannii
ab822	1	97%	A.baumannii
ab1017	1	97%	A.baumannii
ab1989	1	97%	A.baumannii
ab1462	1	97%	A.baumannii
ab1188	1	97%	A.baumannii
ab47	1	97%	A.baumannii
ab1439	1	97%	A.baumannii
ab195	1	97%	A.baumannii
ac399	1	90-85%	ACB
ab1583	1	100-99%	A.baumannii
ab2146	1	97%	A.baumannii
ab768	1	97%	A.baumannii
ab249	1	97%	A.baumannii
ab703	1	97%	A.baumannii
ac336	1	90-85%	ACB
ab782	1	97%	A.baumannii
ac151	1	90-85%	ACB
ab943	1	97%	A.baumannii
ab1884	1	97%	A.baumannii
ab529	1	97%	A.baumannii
ab1610	1	97%	A.baumannii
ab1400	1	97%	A.baumannii
ab408	5	97%	A.baumannii
ab2036	1	97%	A.baumannii
ab919	1	97%	A.baumannii
ab941	1	97%	A.baumannii
ab833	1	97%	A.baumannii
ab1022	1	97%	A.baumannii
ab2060	15-1000	94-90%	A.baumannii
ac183	1	<80%	Other
ab690	1	97%	A.baumannii
ab2103	1	97%	A.baumannii
ab491	1	97%	A.baumannii
ab1872	1	97%	A.baumannii
ab1504	1	97%	A.baumannii
ab955	1	97%	A.baumannii
ac425	1	94-90%	ACB
ab721	1	97%	A.baumannii
ab1242	1	97%	A.baumannii
ab2380	1	97%	A.baumannii
ab1612	1	97%	A.baumannii
ab844	1	97%	A.baumannii
ab441	1	97%	A.baumannii
ab1828	1	97%	A.baumannii
ab2400	1	97%	A.baumannii
ab2208	1	97%	A.baumannii
ab1893	1	97%	A.baumannii
ab1752	1	97%	A.baumannii
ab1638	1	97%	A.baumannii
ab660	1	97%	A.baumannii
ab366	1	97%	A.baumannii
ab2278	1	97%	A.baumannii
ab929	1	97%	A.baumannii
ab582	1	97%	A.baumannii
ab752	1	97%	A.baumannii
ab206	1	97%	A.baumannii
ac180	1	90-85%	ACB
ab786	5-15	90-85%	A.baumannii
ab1856	1	97%	A.baumannii
ab2401	1	97%	A.baumannii
ab480	1	97%	A.baumannii
ab107	1	97%	A.baumannii
ab1225	1	97%	A.baumannii
ac231	5	<80%	Other
ab1510	1	97%	A.baumannii
ab1321	1	97%	A.baumannii
ab798	1	97%	A.baumannii
ab62	1	97%	A.baumannii
ab238	1	97%	A.baumannii
ac182	1	90-85%	ACB
ab1182	1	97%	A.baumannii
ab1657	1	97%	A.baumannii
ab2235	1	97%	A.baumannii
ab2308	1	97%	A.baumannii
ab2467	1	97%	A.baumannii
ab851	1	97%	A.baumannii
ab254	1	97%	A.baumannii
ac123	5	<80%	Other
ab1079	1	97%	A.baumannii
ab1382	1	97%	A.baumannii
ab1458	1	97%	A.baumannii
ab927	1	97%	A.baumannii
ac166	1	85-80%	Other
ac69	1	<80%	Other
ab751	1	97%	A.baumannii
ab705	1	97%	A.baumannii
ab923	1	97%	A.baumannii
ab1604	1	97%	A.baumannii
ab2284	1	97%	A.baumannii
ab1509	1	97%	A.baumannii
ab622	1	97%	A.baumannii
ab204	1	97%	A.baumannii
ab1580	1	97%	A.baumannii
ab1631	1	97%	A.baumannii
ab122	1	97%	A.baumannii
ab2069	1	97%	A.baumannii
ab248	1	97%	A.baumannii
ab335	1	97%	A.baumannii
ab1227	1	97%	A.baumannii
ab559	1	97%	A.baumannii
ab2302	1	90-85%	A.baumannii
ab1071	1	97%	A.baumannii
ab1418	1	97%	A.baumannii
ab2441	1	97%	A.baumannii
ac144	1	94-90%	ACB
ab560	1	97%	A.baumannii
ab207	1	97%	A.baumannii
ab1829	1	97%	A.baumannii
ab2113	1	97%	A.baumannii
ab1114	1	97%	A.baumannii
ab2379	1	97%	A.baumannii
ab747	1	97%	A.baumannii
ab2457	1	97%	A.baumannii
ac121	5	<80%	Other
ab1649	1	97%	A.baumannii
ab425	1	97%	A.baumannii
ab1970	1	97%	A.baumannii
ac337	1	90-85%	ACB
ab1798	1	97%	A.baumannii
ab766	1	97%	A.baumannii
ab535	1	97%	A.baumannii
ab1113	1	97%	A.baumannii
ab1043	1	97%	A.baumannii
ab299	1	97%	A.baumannii
ac405	1	<80%	Other
ab1836	1	97%	A.baumannii
ab2306	1	97%	A.baumannii
ac332	1	90-85%	ACB
ab2038	1	97%	A.baumannii
ab81	1	97%	A.baumannii
ab1454	1	97%	A.baumannii
ab2169	1	97%	A.baumannii
ac47	1	94-90%	ACB
ac409	1	<80%	Other
ab2288	1	97%	A.baumannii
ac281	1	90-85%	ACB
ab1473	1	97%	A.baumannii
ac13	1	<80%	Other
ab684	1	97%	A.baumannii
ac148	1	90-85%	ACB
ab2049	1	97%	A.baumannii
ab151	1	97%	A.baumannii
ab667	1	97%	A.baumannii
ab1705	1	97%	A.baumannii
ab928	1	97%	A.baumannii
ab1298	1	97%	A.baumannii
ab601	1	97%	A.baumannii
ab1697	1	97%	A.baumannii
ac427	1	90-85%	ACB
ab1056	1	97%	A.baumannii
ab2283	1	97%	A.baumannii
ab2273	1	97%	A.baumannii
ab93	1	97%	A.baumannii
ab472	1	97%	A.baumannii
ab1407	1	97%	A.baumannii
ab1519	1	97%	A.baumannii
ab1115	1	97%	A.baumannii
ac379	1	<80%	Other
ab835	1	97%	A.baumannii
ab802	1	97%	A.baumannii
ab1012	1	97%	A.baumannii
ab2119	1	97%	A.baumannii
ab1052	1	97%	A.baumannii
ab25	1	97%	A.baumannii
ab2459	1	97%	A.baumannii
ab1663	1	97%	A.baumannii
ab1416	1	97%	A.baumannii
ac229	1	<80%	Other
ab185	1	97%	A.baumannii
ac412	1	90-85%	ACB
ab2172	1	97%	A.baumannii
ab1102	1	97%	A.baumannii
ab243	1	97%	A.baumannii
ab1945	1	97%	A.baumannii
ac475	1	<80%	Other
ab1741	1	97%	A.baumannii
ab980	1	97%	A.baumannii
ab924	1	97%	A.baumannii
ab1218	1	97%	A.baumannii
ac460	1	90-85%	ACB
ac378	1	<80%	Other
ab1879	1	97%	A.baumannii
ab2396	1	97%	A.baumannii
ab1744	1	97%	A.baumannii
ab51	1	97%	A.baumannii
ab1001	1	97%	A.baumannii
ab2100	1	97%	A.baumannii
ab1016	1	97%	A.baumannii
ab296	1	97%	A.baumannii
ab1515	1	97%	A.baumannii
ab1396	1	97%	A.baumannii
ab1870	1	97%	A.baumannii
ab1757	1	97%	A.baumannii
ab754	1	97%	A.baumannii
ab1545	1	97%	A.baumannii
ac313	1	<80%	Other
ab1362	1	97%	A.baumannii
ab947	1	97%	A.baumannii
ab1436	1	97%	A.baumannii
ab512	1	97%	A.baumannii
ab2027	1	97%	A.baumannii
ac241	1	85-80%	Other
ab338	1	<80%	A.baumannii
ab2276	1	97%	A.baumannii
ab68	1	97%	A.baumannii
ab1782	1	97%	A.baumannii
ab478	1	97%	A.baumannii
ab343	1	85-80%	A.baumannii
ab1611	1	97%	A.baumannii
ab1586	1	100-99%	A.baumannii
ab569	1	97%	A.baumannii
ab1733	1	97%	A.baumannii
ab1577	1	97%	A.baumannii
ab1337	1	97%	A.baumannii
ab1584	1	100-99%	A.baumannii
ab24	1	97%	A.baumannii
ac361	1	90-85%	ACB
ab2390	1	97%	A.baumannii
ab641	1	97%	A.baumannii
ab1474	1	97%	A.baumannii
ab1136	1	97%	A.baumannii
ab1868	1	97%	A.baumannii
ab1718	1	97%	A.baumannii
ab2148	1	97%	A.baumannii
ab398	1	97%	A.baumannii
ab728	1	97%	A.baumannii
ac410	1	<80%	Other
ab2154	1	97%	A.baumannii
ab1010	1	97%	A.baumannii
ab1499	1	97%	A.baumannii
ac245	5	90-85%	Other
ab2363	1	97%	A.baumannii
ab1044	1	97%	A.baumannii
ab577	1	97%	A.baumannii
ab2143	1	97%	A.baumannii
ab1972	1	97%	A.baumannii
ab888	1	97%	A.baumannii
ab2090	1	97%	A.baumannii
ab1127	1	97%	A.baumannii
ab916	1	97%	A.baumannii
ab75	1	97%	A.baumannii
ab110	1	97%	A.baumannii
ab1728	1	97%	A.baumannii
ac338	1	90-85%	ACB
ab1746	1	97%	A.baumannii
ab39	1	97%	A.baumannii
ab1	1	100-99%	A.baumannii
ab859	1	97%	A.baumannii
ab447	5	97%	A.baumannii
ab118	1	97%	A.baumannii
ab934	1	97%	A.baumannii
ab235	1	97%	A.baumannii
ab2117	1	97%	A.baumannii
ab46	1	97%	A.baumannii
ab1822	1	97%	A.baumannii
ab198	1	97%	A.baumannii
ab953	1	97%	A.baumannii
ab2116	1	97%	A.baumannii
ab422	1	97%	A.baumannii
ab509	1	97%	A.baumannii
ab799	1	97%	A.baumannii
ac402	1	94-90%	ACB
ab1965	1	97%	A.baumannii
ab1999	1	97%	A.baumannii
ab143	1	97%	A.baumannii
ac416	1	<80%	Other
ac292	1	90-85%	ACB
ac474	1	85-80%	Other
ac287	1	90-85%	ACB
ab1128	1	97%	A.baumannii
ab681	1	97%	A.baumannii
ab771	1	97%	A.baumannii
ab2466	1	97%	A.baumannii
ac484	1	94-90%	ACB
ac346	1	90-85%	ACB
ab2087	1	97%	A.baumannii
ab758	1	97%	A.baumannii
ab638	1	97%	A.baumannii
ab617	1	97%	A.baumannii
ab651	1	97%	A.baumannii
ab333	1	97%	A.baumannii
ab1341	1	97%	A.baumannii
ab1403	1	97%	A.baumannii
ac56	1	85-80%	Other
ac435	1	94-90%	ACB
ab741	1	97%	A.baumannii
ab2200	1	97%	A.baumannii
ab695	1	97%	A.baumannii
ab1505	1	97%	A.baumannii
ab375	1	97%	A.baumannii
ab857	1	97%	A.baumannii
ab2238	1	97%	A.baumannii
ab1846	1	97%	A.baumannii
ab585	1	97%	A.baumannii
ab1761	1	97%	A.baumannii
ab336	1	97%	A.baumannii
ab109	1	97%	A.baumannii
ab374	1	97%	A.baumannii
ab2013	1	97%	A.baumannii
ab2463	1	97%	A.baumannii
ab1024	1	97%	A.baumannii
ab1195	1	97%	A.baumannii
ab2348	1	97%	A.baumannii
ab925	1	97%	A.baumannii
ab566	1	97%	A.baumannii
ab2055	1	97%	A.baumannii
ab1354	1	97%	A.baumannii
ab423	1	97%	A.baumannii
ab2318	1	97%	A.baumannii
ab713	1	97%	A.baumannii
ab553	1	97%	A.baumannii
ac367	1	94-90%	ACB
ac122	1	94-90%	ACB
ab89	1	97%	A.baumannii
ab883	1	97%	A.baumannii
ab2132	1	97%	A.baumannii
ab114	1	97%	A.baumannii
ab1472	1	97%	A.baumannii
ab1880	1	97%	A.baumannii
ab326	1	97%	A.baumannii
ab154	1	97%	A.baumannii
ab1066	1	97%	A.baumannii
ab1784	1	97%	A.baumannii
ab191	1	97%	A.baumannii
ab996	1	97%	A.baumannii
ab1154	1	97%	A.baumannii
ac186	1	<80%	Other
ab627	1	97%	A.baumannii
ab1442	1	97%	A.baumannii
ab1470	1	97%	A.baumannii
ab27	1	97%	A.baumannii
ab387	1	97%	A.baumannii
ab737	1	97%	A.baumannii
ab1009	1	97%	A.baumannii
ac167	5	85-80%	Other
ab252	1	97%	A.baumannii
ab1202	1	97%	A.baumannii
ab665	1	97%	A.baumannii
ab795	1	97%	A.baumannii
ab2410	1	97%	A.baumannii
ab1926	1	97%	A.baumannii
ab2375	1	97%	A.baumannii
ab60	1	97%	A.baumannii
ac197	1	90-85%	ACB
ac351	1	90-85%	ACB
ab1882	1	97%	A.baumannii
ac488	1	<80%	Other
ab2030	1	97%	A.baumannii
ab1419	1	97%	A.baumannii
ab1687	1	97%	A.baumannii
ab1536	1	97%	A.baumannii
ab1363	1	97%	A.baumannii
ab337	1	97%	A.baumannii
ab223	1	97%	A.baumannii
ab523	1	97%	A.baumannii
ab1601	1	97%	A.baumannii
ab1057	1	97%	A.baumannii
ab702	1	97%	A.baumannii
ab2336	1	97%	A.baumannii
ab1383	1	97%	A.baumannii
ab1132	1	97%	A.baumannii
ac81	1	<80%	Other
ab1833	1	97%	A.baumannii
ab2202	1	97%	A.baumannii
ab691	1	97%	A.baumannii
ab2227	1	97%	A.baumannii
ab1082	1	97%	A.baumannii
ac419	1	94-90%	ACB
ab1275	1	97%	A.baumannii
ab56	1	97%	A.baumannii
ab7	1	97%	A.baumannii
ac490	1	<80%	Other
ab1911	1	97%	A.baumannii
ab1592	1	96%	A.baumannii
ab253	1	97%	A.baumannii
ab1811	1	97%	A.baumannii
ab1320	1	97%	A.baumannii
ab74	1	97%	A.baumannii
ab1216	1	97%	A.baumannii
ab2325	1	97%	A.baumannii
ab33	1	97%	A.baumannii
ab317	1	97%	A.baumannii
ab2153	1	97%	A.baumannii
ab1730	1	97%	A.baumannii
ab460	1	97%	A.baumannii
ab390	1	97%	A.baumannii
ab189	1	97%	A.baumannii
ab966	1	97%	A.baumannii
ac280	1	90-85%	ACB
ab405	1	97%	A.baumannii
ab1735	1	97%	A.baumannii
ab2141	1	97%	A.baumannii
ab505	1	97%	A.baumannii
ab1310	1	97%	A.baumannii
ac215	1	90-85%	ACB
ab1288	1	97%	A.baumannii
ab1985	1	97%	A.baumannii
ab468	1	97%	A.baumannii
ab1889	1	97%	A.baumannii
ab1692	1	97%	A.baumannii
ac143	1	85-80%	Other
ab502	1	97%	A.baumannii
ab1390	1	97%	A.baumannii
ab1802	1	97%	A.baumannii
ab44	1	97%	A.baumannii
ab2009	1	97%	A.baumannii
ab1014	1	97%	A.baumannii
ab1937	1	97%	A.baumannii
ab604	1	97%	A.baumannii
ab700	1	97%	A.baumannii
ac314	1	<80%	Other
ab1848	1	97%	A.baumannii
ab1331	1	97%	A.baumannii
ac477	1	<80%	Other
ab905	1	97%	A.baumannii
ab606	1	97%	A.baumannii
ab895	1	97%	A.baumannii
ac454	1	<80%	Other
ab920	1	97%	A.baumannii
ac92	1	<80%	Other
ab1737	1	97%	A.baumannii
ab815	1	97%	A.baumannii
ab1971	1	97%	A.baumannii
ac86	1	85-80%	Other
ac127	1	<80%	Other
ab594	1	97%	A.baumannii
ac423	1	<80%	Other
ab1571	1	97%	A.baumannii
ab643	1	97%	A.baumannii
ab1494	1	97%	A.baumannii
ab717	1	97%	A.baumannii
ab475	5	90-85%	A.baumannii
ab1850	1	97%	A.baumannii
ab131	1	97%	A.baumannii
ab1078	1	97%	A.baumannii
ab572	1	97%	A.baumannii
ab257	1	97%	A.baumannii
ac446	1	<80%	Other
ab197	1	97%	A.baumannii
ab2269	1	97%	A.baumannii
ab2354	1	97%	A.baumannii
ab1397	1	97%	A.baumannii
ab547	1	97%	A.baumannii
ac308	1	85-80%	Other
ab827	1	97%	A.baumannii
ac387	1	94-90%	ACB
ab1315	1	97%	A.baumannii
ab640	1	97%	A.baumannii
ab358	1	97%	A.baumannii
ab1236	1	97%	A.baumannii
ab2166	1	97%	A.baumannii
ab2212	1	97%	A.baumannii
ab1949	1	96%	A.baumannii
ac442	1	<80%	Other
ac80	1	<80%	Other
ab624	1	97%	A.baumannii
ab2111	1	97%	A.baumannii
ab2168	1	97%	A.baumannii
ab778	1	97%	A.baumannii
ab2270	1	97%	A.baumannii
ab2241	1	97%	A.baumannii
ab993	1	97%	A.baumannii
ab1496	1	97%	A.baumannii
ac250	1	<80%	Other
ab1351	1	97%	A.baumannii
ab1111	1	97%	A.baumannii
ac90	1	<80%	Other
ab1511	1	97%	A.baumannii
ab1450	1	97%	A.baumannii
ab2246	1	97%	A.baumannii
ab49	1	97%	A.baumannii
ab2189	1	97%	A.baumannii
ab858	1	97%	A.baumannii
ab1158	1	97%	A.baumannii
ab2320	1	97%	A.baumannii
ab1630	1	97%	A.baumannii
ac220	1	90-85%	ACB
ab1034	1	97%	A.baumannii
ab2210	1	97%	A.baumannii
ab1488	1	97%	A.baumannii
ab1431	1	97%	A.baumannii
ab816	1	97%	A.baumannii
ab1329	1	97%	A.baumannii
ab1853	1	97%	A.baumannii
ac233	1	<80%	Other
ac68	1	85-80%	Other
ab1471	1	97%	A.baumannii
ab1992	1	97%	A.baumannii
ab1194	1	97%	A.baumannii
ab830	1	97%	A.baumannii
ab1943	1	97%	A.baumannii
ab1681	1	97%	A.baumannii
ab829	1	97%	A.baumannii
ab102	1	97%	A.baumannii
ab1863	1	97%	A.baumannii
ab521	1	97%	A.baumannii
ab397	1	97%	A.baumannii
ab2057	1	98%	A.baumannii
ab2140	1	97%	A.baumannii
ab775	1	97%	A.baumannii
ab1908	1	97%	A.baumannii
ab1441	1	97%	A.baumannii
ab178	1	97%	A.baumannii
ab1393	1	97%	A.baumannii
ab1065	1	97%	A.baumannii
ab1983	1	97%	A.baumannii
ab2376	1	97%	A.baumannii
ab1558	1	97%	A.baumannii
ac133	5	<80%	Other
ab445	1	97%	A.baumannii
ac222	1	97%	ACB
ab889	1	97%	A.baumannii
ab2102	1	97%	A.baumannii
ac20	1		Other
ac434	1	<80%	Other
ab40	1	97%	A.baumannii
ac372	1	<80%	Other
ab1699	1	97%	A.baumannii
ab2317	1	97%	A.baumannii
ab2219	1	97%	A.baumannii
ab359	1	97%	A.baumannii
ab578	1	97%	A.baumannii
ab261	1	97%	A.baumannii
ab1313	1	97%	A.baumannii
ab220	1	97%	A.baumannii
ab2037	1	97%	A.baumannii
ab1087	1	97%	A.baumannii
ab1166	1	97%	A.baumannii
ab563	1	97%	A.baumannii
ab819	1	97%	A.baumannii
ab2178	1	97%	A.baumannii
ab1567	1	97%	A.baumannii
ab960	1	97%	A.baumannii
ab2074	1	97%	A.baumannii
ab1678	1	97%	A.baumannii
ab1294	1	97%	A.baumannii
ab1237	1	97%	A.baumannii
ab971	1	97%	A.baumannii
ab956	1	97%	A.baumannii
ab1658	1	97%	A.baumannii
ab1357	1	97%	A.baumannii
ab2234	1	97%	A.baumannii
ab1213	1	97%	A.baumannii
ac393	1	<80%	Other
ab597	1	97%	A.baumannii
ab2118	1	97%	A.baumannii
ab474	1	97%	A.baumannii
ab1456	1	97%	A.baumannii
ab733	1	97%	A.baumannii
ab2020	1	97%	A.baumannii
ab241	1	97%	A.baumannii
ac357	1	90-85%	ACB
ac312	1	85-80%	Other
ab853	1	97%	A.baumannii
ab1175	1	97%	A.baumannii
ab957	1	97%	A.baumannii
ab2405	1	97%	A.baumannii
ab1000	1	97%	A.baumannii
ab1223	1	97%	A.baumannii
ac244	1	85-80%	Other
ab2291	1	97%	A.baumannii
ac149	1	<80%	Other
ab2110	1	97%	A.baumannii
ab881	1	97%	A.baumannii
ab2224	1	97%	A.baumannii
ab368	1	97%	A.baumannii
ab1486	1	97%	A.baumannii
ac319	1	90-85%	ACB
ab73	1	97%	A.baumannii
ab1074	1	97%	A.baumannii
ac145	1	90-85%	ACB
ab1729	1	97%	A.baumannii
ab2070	1	97%	A.baumannii
ab965	1	97%	A.baumannii
ab849	1	97%	A.baumannii
ab708	1	97%	A.baumannii
ab2394	1	97%	A.baumannii
ac294	1	90-85%	ACB
ab549	1	97%	A.baumannii
ab1103	1	97%	A.baumannii
ab1137	1	97%	A.baumannii
ab1556	1	97%	A.baumannii
ab1328	1	97%	A.baumannii
ab2439	1	97%	A.baumannii
ab1778	1	97%	A.baumannii
ab1766	1	97%	A.baumannii
ab176	1	97%	A.baumannii
ab2351	1	97%	A.baumannii
ab1684	1	97%	A.baumannii
ac463	1	90-85%	ACB
ab2312	1	97%	A.baumannii
ab2231	1	97%	A.baumannii
ab277	1	97%	A.baumannii
ab1463	1	97%	A.baumannii
ab1518	1	97%	A.baumannii
ab1647	1	97%	A.baumannii
ab1603	1	97%	A.baumannii
ab944	1	97%	A.baumannii
ac248	1	90-85%	ACB
ac397	1	90-85%	ACB
ac160	1	90-85%	ACB
ab2126	1	97%	A.baumannii
ac128	5	<80%	Other
ac445	1	<80%	Other
ab1838	1	97%	A.baumannii
ab419	1	97%	A.baumannii
ab2115	1	97%	A.baumannii
ab893	1	97%	A.baumannii
ab1258	1	97%	A.baumannii
ab2229	1	97%	A.baumannii
ab341	1	97%	A.baumannii
ab2077	1	97%	A.baumannii
ab1608	1	97%	A.baumannii
ac406	1	94-90%	ACB
ab524	1	97%	A.baumannii
ab1765	1	97%	A.baumannii
ab810	1	97%	A.baumannii
ab832	1	97%	A.baumannii
ab2256	1	97%	A.baumannii
ab91	1	97%	A.baumannii
ab1384	1	97%	A.baumannii
ab1340	1	97%	A.baumannii
ac118	1	<80%	Other
ab2358	1	97%	A.baumannii
ab1708	1	97%	A.baumannii
ab2158	1	97%	A.baumannii
ab2138	1	97%	A.baumannii
ab565	1	97%	A.baumannii
ab2095	1	97%	A.baumannii
ab1760	1	97%	A.baumannii
ab1224	1	97%	A.baumannii
ab1265	1	97%	A.baumannii
ab2382	1	97%	A.baumannii
ab1459	1	97%	A.baumannii
ab2000	1	97%	A.baumannii
ab245	1	97%	A.baumannii
ab420	1	97%	A.baumannii
ac414	1	<80%	Other
ab144	1	97%	A.baumannii
ab1206	1	97%	A.baumannii
ac196	1	<80%	Other
ab1773	1	97%	A.baumannii
ab743	1	97%	A.baumannii
ab938	1	97%	A.baumannii
ab2050	1	97%	A.baumannii
ab1581	1	100-99%	A.baumannii
ac4	1	<80%	Other
ab278	1	97%	A.baumannii
ab892	1	97%	A.baumannii
ab803	1	97%	A.baumannii
ab1283	1	97%	A.baumannii
ab1690	1	97%	A.baumannii
ab1939	1	97%	A.baumannii
ab765	1	97%	A.baumannii
ab1497	1	97%	A.baumannii
ab2412	1	97%	A.baumannii
ab873	1	97%	A.baumannii
ab1050	1	97%	A.baumannii
ab711	1	97%	A.baumannii
ab1866	1	97%	A.baumannii
ac152	1	90-85%	ACB
ab1895	1	97%	A.baumannii
ab381	1	97%	A.baumannii
ab1262	1	97%	A.baumannii
ac137	5-15	<80%	Other
ab2445	1	97%	A.baumannii
ab1589	1	97%	A.baumannii
ab1214	1	97%	A.baumannii
ab1421	1	97%	A.baumannii
ac22	1	<80%	Other
ab1731	1	97%	A.baumannii
ac195	1	94-90%	ACB
ab260	1	97%	A.baumannii
ab783	1	97%	A.baumannii
ab214	1	97%	A.baumannii
ab2257	1	97%	A.baumannii
ab145	1	97%	A.baumannii
ab874	1	97%	A.baumannii
ab1293	1	97%	A.baumannii
ab1327	1	97%	A.baumannii
ab457	1	97%	A.baumannii
ab2350	1	97%	A.baumannii
ab1197	1	97%	A.baumannii
ab1061	1	97%	A.baumannii
ab1974	1	97%	A.baumannii
ab662	1	97%	A.baumannii
ab1089	1	97%	A.baumannii
ab378	1	97%	A.baumannii
ab2099	1	97%	A.baumannii
ab738	1	97%	A.baumannii
ab2129	1	97%	A.baumannii
ac29	1	<80%	Other
ab1541	1	97%	A.baumannii
ab2255	1	97%	A.baumannii
ab1429	1	97%	A.baumannii
ab2397	1	97%	A.baumannii
ab933	1	97%	A.baumannii
ab2419	1	97%	A.baumannii
ab1734	1	97%	A.baumannii
ab2267	1	97%	A.baumannii
ab1844	1	97%	A.baumannii
ab77	1	97%	A.baumannii
ab655	1	97%	A.baumannii
ac375	1	<80%	Other
ab1759	1	97%	A.baumannii
ac10	1		Other
ab813	1	97%	A.baumannii
ab1938	1	97%	A.baumannii
ab187	1	97%	A.baumannii
ab970	1	97%	A.baumannii
ab1907	1	97%	A.baumannii
ab2433	1	97%	A.baumannii
ab899	1	97%	A.baumannii
ac340	1	90-85%	ACB
ab1711	1	97%	A.baumannii
ac26	1	94-90%	ACB
ab989	1	97%	A.baumannii
ab306	1	97%	A.baumannii
ab2287	1	97%	A.baumannii
ac355	1	90-85%	ACB
ab2426	1	97%	A.baumannii
ab269	1	97%	A.baumannii
ab1426	1	97%	A.baumannii
ab1977	1	97%	A.baumannii
ab1700	1	97%	A.baumannii
ab2198	1	97%	A.baumannii
ab1742	1	97%	A.baumannii
ac43	1	85-80%	Other
ab644	1	97%	A.baumannii
ac370	1	94-90%	ACB
ac190	1	90-85%	ACB
ab740	1	97%	A.baumannii
ab1640	1	97%	A.baumannii
ab263	1	97%	A.baumannii
ab1606	1	97%	A.baumannii
ac322	1	<80%	Other
ab85	1	97%	A.baumannii
ab8	1	97%	A.baumannii
ab664	1	97%	A.baumannii
ab1060	1	97%	A.baumannii
ab1118	1	97%	A.baumannii
ac198	1	90-85%	ACB
ab2280	1	97%	A.baumannii
ab540	1	97%	A.baumannii
ac396	1	94-90%	ACB
ab1602	1	97%	A.baumannii
ab389	1	97%	A.baumannii
ab2204	1	97%	A.baumannii
ab2455	1	97%	A.baumannii
ab2187	1	97%	A.baumannii
ab528	1	97%	A.baumannii
ab2342	1	97%	A.baumannii
ac345	1	90-85%	ACB
ac443	1	94-90%	ACB
ab232	1	97%	A.baumannii
ab1854	1	97%	A.baumannii
ab404	1	97%	A.baumannii
ab1832	1	97%	A.baumannii
ab1399	1	97%	A.baumannii
ab36	1	97%	A.baumannii
ab117	1	97%	A.baumannii
ab2301	1	97%	A.baumannii
ab982	1	97%	A.baumannii
ab1655	1	97%	A.baumannii
ab2221	1	97%	A.baumannii
ab1763	1	97%	A.baumannii
ab999	1	97%	A.baumannii
ab1903	1	97%	A.baumannii
ac168	1	90-85%	ACB
ab1634	1	97%	A.baumannii
ab1110	1	97%	A.baumannii
ab26	1	97%	A.baumannii
ab1501	1	97%	A.baumannii
ab2381	1	97%	A.baumannii
ab2430	1	97%	A.baumannii
ab1077	1	97%	A.baumannii
ab918	1	97%	A.baumannii
ab1031	1	97%	A.baumannii
ab1367	1	97%	A.baumannii
ab1129	1	97%	A.baumannii
ab1507	1	97%	A.baumannii
ab149	1	97%	A.baumannii
ab1199	1	97%	A.baumannii
ab1318	1	97%	A.baumannii
ab1750	1	97%	A.baumannii
ac18	1		Other
ac125	1	85-80%	Other
ab561	1	97%	A.baumannii
ab2004	1	97%	A.baumannii
ab773	1	97%	A.baumannii
ab289	1	97%	A.baumannii
ab1783	1	97%	A.baumannii
ac480	1	94-90%	ACB
ab488	1	97%	A.baumannii
ab1067	1	97%	A.baumannii
ab781	1	97%	A.baumannii
ab452	1	97%	A.baumannii
ab1743	1	97%	A.baumannii
ab657	1	97%	A.baumannii
ab219	1	97%	A.baumannii
ab1976	1	97%	A.baumannii
ab1756	1	97%	A.baumannii
ab395	1	97%	A.baumannii
ac482	1	94-90%	ACB
ac275	1	90-85%	ACB
ab2407	1	97%	A.baumannii
ab1860	1	97%	A.baumannii
ab1537	1	97%	A.baumannii
ab1208	1	97%	A.baumannii
ab2403	1	97%	A.baumannii
ab2097	1	97%	A.baumannii
ab520	1	97%	A.baumannii
ac374	1	94-90%	ACB
ab1234	1	97%	A.baumannii
ab165	1	97%	A.baumannii
ab1096	1	97%	A.baumannii
ab449	1	97%	A.baumannii
ab1569	1	97%	A.baumannii
ac200	1	90-85%	ACB
ab456	1	97%	A.baumannii
ab2002	1	97%	A.baumannii
ab1956	1	97%	A.baumannii
ab884	1	97%	A.baumannii
ab1671	1	97%	A.baumannii
ab1627	1	97%	A.baumannii
ab626	1	97%	A.baumannii
ab1394	1	97%	A.baumannii
ab1219	1	97%	A.baumannii
ab1596	1	97%	A.baumannii
ab2357	1	97%	A.baumannii
ab1211	1	97%	A.baumannii
ab2144	1	97%	A.baumannii
ab41	1	97%	A.baumannii
ab1953	1	97%	A.baumannii
ab1864	1	97%	A.baumannii
ab1352	1	97%	A.baumannii
ab808	1	97%	A.baumannii
ac298	1	85-80%	Other
ab755	1	97%	A.baumannii
ab1546	1	97%	A.baumannii
ab1555	1	97%	A.baumannii
ab1498	1	97%	A.baumannii
ab676	1	97%	A.baumannii
ab87	1	97%	A.baumannii
ac382	1	<80%	Other
ab1246	1	97%	A.baumannii
ab897	1	97%	A.baumannii
ab2453	5	97%	A.baumannii
ab1548	1	97%	A.baumannii
ab894	1	97%	A.baumannii
ac130	1	90-85%	ACB
ab290	1	97%	A.baumannii
ab1740	1	97%	A.baumannii
ab1267	1	97%	A.baumannii
ab1030	1	97%	A.baumannii
ab1279	1	97%	A.baumannii
ab1228	1	97%	A.baumannii
ab183	1	97%	A.baumannii
ab128	1	97%	A.baumannii
ab930	1	97%	A.baumannii
ac64	1	90-85%	ACB
ab76	1	97%	A.baumannii
ab682	1	97%	A.baumannii
ab473	1	97%	A.baumannii
ab1490	1	97%	A.baumannii
ab2093	1	97%	A.baumannii
ab2289	1	94-90%	A.baumannii
ab2216	1	97%	A.baumannii
ab1952	1	97%	A.baumannii
ab1287	1	97%	A.baumannii
ab1369	1	97%	A.baumannii
ab2223	1	97%	A.baumannii
ab2277	1	97%	A.baumannii
ab305	1	97%	A.baumannii
ab2421	1	97%	A.baumannii
ab2151	1	97%	A.baumannii
ab900	1	97%	A.baumannii
ab402	1	97%	A.baumannii
ab1365	1	97%	A.baumannii
ab1479	1	97%	A.baumannii
ab847	1	97%	A.baumannii
ab2175	1	97%	A.baumannii
ab418	1	97%	A.baumannii
ab2456	1	97%	A.baumannii
ab669	1	97%	A.baumannii
ab2264	1	97%	A.baumannii
ab142	1	97%	A.baumannii
ab2094	1	97%	A.baumannii
ab974	1	97%	A.baumannii
ab370	1	97%	A.baumannii
ab1674	1	97%	A.baumannii
ab1575	1	97%	A.baumannii
ab2330	1	97%	A.baumannii
ab1480	1	97%	A.baumannii
ab53	1	97%	A.baumannii
ab674	1	97%	A.baumannii
ab914	1	97%	A.baumannii
ac23	1	<80%	Other
ab548	1	97%	A.baumannii
ab284	1	97%	A.baumannii
ab2406	1	97%	A.baumannii
ab2137	1	97%	A.baumannii
ab1026	1	97%	A.baumannii
ab1392	1	97%	A.baumannii
ac448	1	<80%	Other
ab382	1	97%	A.baumannii
ab793	1	97%	A.baumannii
ab150	1	97%	A.baumannii
ac289	1	90-85%	ACB
ab294	1	97%	A.baumannii
ac489	1	<80%	Other
ab1540	1	97%	A.baumannii
ab2108	1	97%	A.baumannii
ab564	1	97%	A.baumannii
ab1461	1	97%	A.baumannii
ab1464	1	97%	A.baumannii
ab157	1	97%	A.baumannii
ab2319	1	97%	A.baumannii
ab2315	1	97%	A.baumannii
ab1852	1	97%	A.baumannii
ab2444	1	97%	A.baumannii
ab1666	1	97%	A.baumannii
ab499	1	97%	A.baumannii
ab1284	1	97%	A.baumannii
ab1119	1	97%	A.baumannii
ab1980	5	97%	A.baumannii
ab1121	1	97%	A.baumannii
ac67	1	85-80%	Other
ab637	1	97%	A.baumannii
ab871	1	97%	A.baumannii
ab3	1	97%	A.baumannii
ab2356	1	97%	A.baumannii
ab1772	1	97%	A.baumannii
ab2245	1	97%	A.baumannii
ab1614	1	97%	A.baumannii
ab2262	1	97%	A.baumannii
ab646	1	97%	A.baumannii
ab1095	1	94-90%	A.baumannii
ac235	5	<80%	Other
ac433	1	94-90%	ACB
ac188	1	<80%	Other
ab846	1	97%	A.baumannii
ac459	1	94-90%	ACB
ab1345	1	97%	A.baumannii
ab1538	1	97%	A.baumannii
ac439	1	94-90%	ACB
ab132	1	97%	A.baumannii
ab225	1	97%	A.baumannii
ab2016	1	97%	A.baumannii
ab1694	1	97%	A.baumannii
ab1032	1	97%	A.baumannii
ac35	1	<80%	Other
ac54	1	<80%	Other
ab1174	1	97%	A.baumannii
ab1414	1	97%	A.baumannii
ab138	1	97%	A.baumannii
ab2240	1	97%	A.baumannii
ab1051	1	97%	A.baumannii
ab2418	1	97%	A.baumannii
ab2425	1	97%	A.baumannii
ab744	1	97%	A.baumannii
ab2080	1	97%	A.baumannii
ab1781	1	97%	A.baumannii
ab361	1	97%	A.baumannii
ac206	1	90-85%	ACB
ab2128	1	97%	A.baumannii
ab1064	1	97%	A.baumannii
ac110	1	90-85%	ACB
ab325	1	97%	A.baumannii
ac430	1	<80%	Other
ab1270	1	97%	A.baumannii
ab997	1	97%	A.baumannii
ab2165	1	97%	A.baumannii
ab1524	1	97%	A.baumannii
ab1007	1	97%	A.baumannii
ab2263	1	97%	A.baumannii
ab1574	1	97%	A.baumannii
ab2183	1	97%	A.baumannii
ab2167	1	97%	A.baumannii
ac408	1	<80%	Other
ab2230	1	97%	A.baumannii
ac76	1	<80%	Other
ab1417	1	97%	A.baumannii
ab226	1	97%	A.baumannii
ab1277	1	97%	A.baumannii
ab1443	1	97%	A.baumannii
ab1075	1	100-99%	A.baumannii
ab1215	1	97%	A.baumannii
ab537	1	97%	A.baumannii
ab804	1	97%	A.baumannii
ab298	1	97%	A.baumannii
ab1625	1	97%	A.baumannii
ab2135	1	97%	A.baumannii
ab1484	1	97%	A.baumannii
ab2300	1	97%	A.baumannii
ab34	1	97%	A.baumannii
ab550	1	97%	A.baumannii
ac353	1	90-85%	ACB
ab1566	1	97%	A.baumannii
ab1068	1	97%	A.baumannii
ab764	1	97%	A.baumannii
ab1652	1	97%	A.baumannii
ab1799	1	97%	A.baumannii
ab1991	1	97%	A.baumannii
ac7	1	<80%	Other
ac98	1	85-80%	Other
ab182	1	97%	A.baumannii
ab373	1	97%	A.baumannii
ab2155	1	97%	A.baumannii
ab1312	1	97%	A.baumannii
ab1238	1	97%	A.baumannii
ab1081	1	97%	A.baumannii
ab152	1	97%	A.baumannii
ab1146	1	97%	A.baumannii
ac173	1	90-85%	ACB
ab1815	1	97%	A.baumannii
ab316	1	97%	A.baumannii
ab101	1	97%	A.baumannii
ab1122	1	97%	A.baumannii
ab912	1	97%	A.baumannii
ac295	1	90-85%	ACB
ab2023	1	97%	A.baumannii
ab603	1	97%	A.baumannii
ab2332	1	97%	A.baumannii
ab1222	1	97%	A.baumannii
ab1648	1	97%	A.baumannii
ab2451	1	97%	A.baumannii
ab507	1	97%	A.baumannii
ab1814	1	97%	A.baumannii
ab1207	1	97%	A.baumannii
ab2025	1	97%	A.baumannii
ab792	1	97%	A.baumannii
ab1796	1	97%	A.baumannii
ab2109	1	97%	A.baumannii
ac30	1	90-85%	ACB
ab704	1	97%	A.baumannii
ab969	1	97%	A.baumannii
ac114	5	<80%	Other
ab1304	1	97%	A.baumannii
ab1353	1	97%	A.baumannii
ab1152	1	97%	A.baumannii
ac213	1	90-85%	ACB
ab1962	1	97%	A.baumannii
ab1789	1	97%	A.baumannii
ab845	1	97%	A.baumannii
ab787	1	97%	A.baumannii
ab1598	1	97%	A.baumannii
ac392	1	94-90%	ACB
ab2177	1	97%	A.baumannii
ac395	1	<80%	Other
ab168	1	97%	A.baumannii
ab310	1	97%	A.baumannii
ab976	1	97%	A.baumannii
ab244	1	97%	A.baumannii
ab1636	1	97%	A.baumannii
ab1033	1	97%	A.baumannii
ab2311	1	97%	A.baumannii
ab437	1	97%	A.baumannii
ab217	1	97%	A.baumannii
ab1565	1	97%	A.baumannii
ab984	1	97%	A.baumannii
ab1046	1	97%	A.baumannii
ab2272	1	97%	A.baumannii
ab746	1	97%	A.baumannii
ab1587	1	100-99%	A.baumannii
ab917	1	97%	A.baumannii
ab1946	1	97%	A.baumannii
ab1886	1	97%	A.baumannii
ac386	1	85-80%	Other
ab1858	1	97%	A.baumannii
ab910	1	97%	A.baumannii
ab2112	1	97%	A.baumannii
ab1958	1	97%	A.baumannii
ac403	1	94-90%	ACB
ab1290	1	97%	A.baumannii
ab2096	1	97%	A.baumannii
ab2188	1	97%	A.baumannii
ab164	1	97%	A.baumannii
ab865	1	97%	A.baumannii
ab1179	1	97%	A.baumannii
ab2010	1	97%	A.baumannii
ac315	1	90-85%	ACB
ab532	1	97%	A.baumannii
ab1582	1	100-99%	A.baumannii
ab95	1	97%	A.baumannii
ab2174	1	97%	A.baumannii
ab2355	1	97%	A.baumannii
ab98	1	97%	A.baumannii
ab904	1	97%	A.baumannii
ab774	1	97%	A.baumannii
ab215	1	97%	A.baumannii
ac37	1	90-85%	ACB
ab1493	1	97%	A.baumannii
ab629	1	97%	A.baumannii
ab1954	1	97%	A.baumannii
ab2047	1	97%	A.baumannii
ab1348	1	97%	A.baumannii
ab1481	1	97%	A.baumannii
ab5	1	97%	A.baumannii
ab1008	1	97%	A.baumannii
ac284	1	90-85%	ACB
ab342	1	97%	A.baumannii
ab2012	1	97%	A.baumannii
ab2450	1	97%	A.baumannii
ab1568	1	97%	A.baumannii
ab2271	1	97%	A.baumannii
ab173	1	97%	A.baumannii
ab600	1	97%	A.baumannii
ab2352	1	97%	A.baumannii
ab1616	1	97%	A.baumannii
ab1981	1	97%	A.baumannii
ab777	1	97%	A.baumannii
ab722	1	97%	A.baumannii
ab192	1	97%	A.baumannii
ab1252	1	97%	A.baumannii
ac59	1	90-85%	ACB
ab732	1	97%	A.baumannii
ac159	1	85-80%	Other
ab1826	1	97%	A.baumannii
ab493	1	97%	A.baumannii
ab2304	1	97%	A.baumannii
ac42	1	<80%	Other
ab2085	1	97%	A.baumannii
ab796	1	97%	A.baumannii
ab1646	1	97%	A.baumannii
ab166	1	97%	A.baumannii
ab2402	1	97%	A.baumannii
ab1453	1	97%	A.baumannii
ab2104	1	97%	A.baumannii
ab1936	1	97%	A.baumannii
ab570	1	97%	A.baumannii
ab1921	1	97%	A.baumannii
ac89	1	<80%	Other
ab834	5	94-90%	A.baumannii
ab1975	1	97%	A.baumannii
ab177	1	97%	A.baumannii
ab2101	1	97%	A.baumannii
ab541	1	97%	A.baumannii
ab1754	1	97%	A.baumannii
ab1076	1	97%	A.baumannii
ab2274	1	97%	A.baumannii
ab2006	1	97%	A.baumannii
ac171	1	90-85%	ACB
ab1617	1	97%	A.baumannii
ab2413	1	97%	A.baumannii
ab351	1	97%	A.baumannii
ab1902	1	97%	A.baumannii
ab271	1	97%	A.baumannii
ab693	1	97%	A.baumannii
ab2420	1	97%	A.baumannii
ac39	1	<80%	Other
ab636	1	97%	A.baumannii
ac189	5-15	<80%	Other
ab2411	1	97%	A.baumannii
ab672	1	97%	A.baumannii
ab421	1	97%	A.baumannii
ab1289	1	97%	A.baumannii
ab903	1	97%	A.baumannii
ab730	1	97%	A.baumannii
ab770	1	97%	A.baumannii
ac291	1	90-85%	ACB
ab689	1	97%	A.baumannii
ab1749	1	97%	A.baumannii
ac124	1	<80%	Other
ab124	1	97%	A.baumannii
ab531	1	97%	A.baumannii
ab427	1	97%	A.baumannii
ab880	1	97%	A.baumannii
ab1326	1	97%	A.baumannii
ab593	1	97%	A.baumannii
ab1323	1	97%	A.baumannii
ac164	1	<80%	Other
ab13	1	97%	A.baumannii
ab1117	1	97%	A.baumannii
ab1093	1	97%	A.baumannii
ab497	1	97%	A.baumannii
ab1619	1	97%	A.baumannii
ab1133	1	97%	A.baumannii
ab811	1	97%	A.baumannii
ab2362	1	97%	A.baumannii
ab1623	1	97%	A.baumannii
ab1205	1	97%	A.baumannii
ab671	1	97%	A.baumannii
ab1653	1	97%	A.baumannii
ab1916	1	97%	A.baumannii
ab1549	1	97%	A.baumannii
